felag_lykill,felag_id,felag,markadur,heildarsamtok,adalsamningur,adalsamningur_heiti,fjoldi_samninga,fjoldi_haekkana,fjoldi_haekkana_alls,fyrsta,sidasta,samfelld_fra,samfelld_ar,samfelld_punktar,eldri_eydur,visitala_lok,visitala_samfellu_lok,mesta_bil_manudir,heilleiki
nafn:samtök starfsmanna fjármálafyrirtækja,52,Samtök starfsmanna fjármálafyrirtækja,almennur,Sérfélög,sa,Samtök atvinnulífsins,1,59,59,1977-02-01,2027-01-01,1998-01-01,29,40,5,455.87,278.63,51,samfelld
nafn:efling,5,Efling,almennur,ASÍ,sa,Samtök atvinnulífsins,10,41,83,1984-06-01,2027-01-01,2009-03-01,18,26,4,331.22,191.27,74,samfelld
nafn:samiðn,26,Samiðnar,opinber,ASÍ,sa,Samtök atvinnulífsins,12,36,136,1997-03-18,2027-01-01,2024-02-01,3,4,3,273.34,110.87,27,samfelld
nafn:verkalýðsfélagið hlíf,33,Verkalýðsfélagið Hlíf,almennur,ASÍ,sa,Samtök atvinnulífsins,9,36,62,1986-12-01,2027-01-01,2011-05-05,16,27,3,278.35,212.84,133,samfelld
nafn:eining-iðja,42,Eining-Iðja,opinber,ASÍ,sa,Samtök atvinnulífsins,6,34,48,1997-03-09,2027-01-01,2011-05-05,16,24,3,248.06,180.74,40,samfelld
nafn:vr,16,VR,almennur,ASÍ,sa,Samtök atvinnulífsins,4,34,56,1988-06-01,2027-01-01,2013-02-01,14,23,5,251.92,188.01,142,samfelld
nafn:afl starfsgreinafélag,,AFL Starfsgreinafélag,,,sa,Samtök atvinnulífsins,7,33,76,2004-03-01,2027-01-01,2004-03-01,23,33,0,217.31,217.31,16,samfelld
nafn:verkalýðs- og sjómannafélag fáskrúðsfjarðar,,Verkalýðs- og sjómannafélag Fáskrúðsfjarðar,almennur,,sa,Samtök atvinnulífsins,2,32,35,1996-01-01,2027-01-01,2011-05-05,16,24,2,221.23,180.74,60,samfelld
nafn:aldan,76,Aldan stéttarfélag,almennur,ASÍ,sa,Samtök atvinnulífsins,2,29,30,1995-06-09,2027-01-01,2011-05-05,16,24,2,207.99,180.74,106,samfelld
nafn:verkalýðsfélag akraness,29,Verkalýðsfélag Akraness,almennur,ASÍ,sa,Samtök atvinnulífsins,4,29,34,2004-04-19,2027-01-01,2010-01-01,17,25,1,206.48,186.61,36,samfelld
nafn:afl,15,AFL - Starfsgreinafélag,opinber,ASÍ,sa,Samtök atvinnulífsins,4,28,40,2004-04-19,2027-01-01,2011-05-05,16,24,1,201.45,180.74,52,samfelld
nafn:báran,23,Báran stéttarfélag,opinber,ASÍ,sa,Samtök atvinnulífsins,3,28,32,2004-04-19,2027-01-01,2011-05-05,16,24,1,201.45,180.74,52,samfelld
nafn:drífandi stéttarfélag verkalýðsfélag þórshafnar,45,"Drífandi stéttarfélag, Verkalýðsfélag Þórshafnar",almennur,ASÍ,sa,Samtök atvinnulífsins,2,28,30,2004-04-19,2027-01-01,2011-05-05,16,24,1,201.45,180.74,52,samfelld
nafn:framsýn,,Framsýn,,,sa,Samtök atvinnulífsins,6,28,41,2004-04-19,2027-01-01,2011-05-05,16,24,1,201.45,180.74,52,samfelld
nafn:rsí,13,RSÍ,almennur,ASÍ,sa,Samtök atvinnulífsins,27,28,131,1998-01-01,2027-01-01,2016-01-01,11,16,6,223.0,143.86,31,samfelld
nafn:sgs,25,SGS,almennur,ASÍ,sa,Samtök atvinnulífsins,4,28,53,2004-04-19,2027-01-01,2011-05-05,16,24,1,201.45,180.74,52,samfelld
nafn:verkalýðsfélag fljótsdalshéraðs,,Verkalýðsfélag Fljótsdalshéraðs,opinber,,sa,Samtök atvinnulífsins,2,28,29,2004-04-19,2027-01-01,2011-05-05,16,24,1,201.45,180.74,52,samfelld
nafn:verkalýðsfélag grindavíkur,75,Verkalýðsfélag Grindavíkur,almennur,ASÍ,sa,Samtök atvinnulífsins,1,28,28,2004-04-19,2027-01-01,2011-05-05,16,24,1,201.45,180.74,52,samfelld
nafn:verkalýðsfélag vestfirðinga,,Verkalýðsfélag Vestfirðinga,,,sa,Samtök atvinnulífsins,2,28,36,2004-04-19,2027-01-01,2011-05-05,16,24,1,201.45,180.74,52,samfelld
nafn:verkalýðsfélag vestfjarðinga,,Verkalýðsfélag Vestfjarðinga,almennur,ASÍ,sa,Samtök atvinnulífsins,1,28,28,2004-04-19,2027-01-01,2011-05-05,16,24,1,201.45,180.74,52,samfelld
nafn:vm,30,VM,opinber,ASÍ,sa,Samtök atvinnulífsins,13,24,69,1983-01-01,2028-01-01,2019-04-01,9,11,5,199.39,129.13,154,samfelld
nafn:grafía,55,Grafía,almennur,ASÍ,sa,Samtök atvinnulífsins,2,22,23,2011-06-01,2027-01-01,2011-06-01,16,22,0,179.72,179.72,16,samfelld
nafn:mjólkurfræðingafélag íslands,41,Mjólkurfræðingafélag Íslands,almennur,ASÍ,sa,Samtök atvinnulífsins,1,21,21,1999-01-01,2022-11-01,2015-05-01,7,11,5,178.04,125.77,36,samfelld
nafn:bifreiðastjórafélagið sleipnir,74,Bifreiðastjórafélagið Sleipnir,almennur,Sérfélög,sa,Samtök atvinnulífsins,1,19,19,2002-01-01,2027-01-01,2024-02-01,3,4,3,182.12,110.87,69,samfelld
nafn:félag íslenskra flugumferðarstjóra,51,Félag íslenskra flugumferðarstjóra,almennur,BSRB,riki,Ríkið,4,15,29,2003-01-01,2013-04-01,2003-01-01,10,15,0,166.41,166.41,17,samfelld
nafn:matvís,36,MATVÍS,opinber,ASÍ,sa,Samtök atvinnulífsins,4,15,31,2005-01-01,2027-01-01,2019-04-01,8,10,2,151.91,132.42,111,samfelld
nafn:sameyki,3,Sameyki,opinber,BSRB,riki,Ríkið,15,15,89,1986-06-01,2027-04-01,2019-04-01,8,10,2,147.24,128.31,294,samfelld
nafn:félag fréttamanna,61,Félag fréttamanna,opinber,Sérfélög,fy-rikisutvarpid,Ríkisútvarpið,1,14,14,2009-03-01,2027-01-01,2027-01-01,0,1,3,139.0,100.0,59,of fáir punktar
nafn:póstmannafélag íslands,53,Póstmannafélag Íslands,opinber,BSRB,fy-islandspostur,Íslandspóstur,1,14,14,2015-05-01,2027-01-01,2015-05-01,12,14,0,152.07,152.07,15,samfelld
nafn:tollvarðafélag íslands,81,Tollvarðafélag Íslands,opinber,BSRB,riki,Ríkið,1,14,14,2002-01-01,2027-04-01,2024-04-01,3,4,3,128.25,110.88,135,samfelld
nafn:flugfreyjufélag íslands,40,Flugfreyjufélag Íslands,almennur,ASÍ,sa,Samtök atvinnulífsins,3,13,22,1999-05-01,2021-10-01,2021-10-01,0,1,5,139.75,100.0,44,of fáir punktar
nafn:blaðamannafélag íslands,21,Blaðamannafélag Íslands,almennur,Sérfélög,sa,Samtök atvinnulífsins,3,12,15,2015-05-01,2027-01-01,2027-01-01,0,1,2,132.61,100.0,24,of fáir punktar
nafn:félag flugmálastarfsmanna,86,Félag flugmálastarfsmanna,almennur,BSRB,riki,Ríkið,4,12,31,2005-03-01,2022-01-01,2019-04-01,3,4,2,122.07,100.0,73,samfelld
nafn:félag iðn- og tæknigreina,28,Félag iðn- og tæknigreina,almennur,ASÍ,sa,Samtök atvinnulífsins,7,12,23,2004-04-26,2021-01-01,2017-02-01,4,6,2,124.15,107.63,83,samfelld
nafn:starfsmannafélag garðabæjar,71,Starfsmannafélag Garðabæjar,opinber,BSRB,riki,Ríkið,2,12,15,2005-03-01,2022-01-01,2019-04-01,3,4,3,121.27,100.0,62,samfelld
nafn:félag íslenskra náttúrufræðinga,18,Félag íslenskra náttúrufræðinga,opinber,BHM,riki,Óþekktur mótaðili,4,10,29,2001-12-31,2027-04-01,2024-04-01,3,4,3,127.9,110.87,176,samfelld
nafn:læknafélag íslands,54,Læknafélag Íslands,opinber,Sérfélög,riki,Ríkið,1,10,10,2002-04-01,2021-01-01,2015-01-01,6,8,1,115.61,112.24,144,samfelld
nafn:múrarasamband íslands,,Múrarasamband Íslands,almennur,,sa,Samtök atvinnulífsins,1,10,10,1985-09-01,2003-01-01,2000-01-01,3,4,2,131.96,109.27,116,samfelld
nafn:skurðlæknafélag íslands,78,Skurðlæknafélag Íslands,opinber,Sérfélög,riki,Ríkið,1,10,10,2014-06-01,2021-01-01,2014-06-01,7,10,0,108.19,108.19,12,samfelld
nafn:sveinafélag pípulagningamanna,,Sveinafélag pípulagningamanna,almennur,,sa,Samtök atvinnulífsins,2,10,13,1997-06-30,2007-01-01,2001-04-01,6,7,1,133.83,118.25,27,samfelld
nafn:félag háskólakennara,48,Félag háskólakennara,opinber,BHM,riki,Ríkið,1,9,9,2019-04-01,2027-04-01,2024-04-01,3,4,1,114.75,110.87,27,samfelld
nafn:félag íslenskra símamanna,32,Félag íslenskra símamanna,almennur,,fy-siminn,Síminn,4,9,14,2004-12-01,2022-11-01,2019-04-01,3,6,1,112.7,106.75,147,samfelld
nafn:leikarafélag íslands,14,Leikarafélag Íslands,opinber,Sérfélög,riki,Ríkið,2,9,18,2019-04-01,2027-04-01,2024-04-01,3,4,1,120.56,110.87,27,samfelld
nafn:alþýðusamband íslands,,Alþýðusamband Íslands,almennur,,sa,Samtök atvinnulífsins,1,8,8,1990-02-01,1999-01-01,1998-01-01,1,2,2,110.32,104.0,50,of fáir punktar
nafn:félag geislafræðinga,57,Félag geislafræðinga,opinber,BHM,riki,Ríkið,1,8,8,2019-04-01,2027-04-01,2024-04-01,3,4,1,114.75,110.87,27,samfelld
nafn:félag háskólamenntaðra starfsmanna stjórnarráðsins,56,Félag háskólamenntaðra starfsmanna Stjórnarráðsins,opinber,BHM,riki,Ríkið,1,8,8,2019-04-01,2027-04-01,2024-04-01,3,4,1,114.75,110.87,27,samfelld
nafn:félag lífeindafræðinga,62,Félag lífeindafræðinga,opinber,BHM,riki,Ríkið,1,8,8,2019-04-01,2027-04-01,2024-04-01,3,4,1,114.75,110.87,27,samfelld
nafn:félag íslenskra hjúkrunarfræðinga,10,Félag íslenskra hjúkrunarfræðinga,opinber,Sérfélög,riki,Ríkið,4,8,32,2019-04-01,2027-04-01,2024-04-01,3,4,1,114.75,110.87,27,samfelld
nafn:múrarafélag reykjavíkur,39,Múrarafélag Reykjavíkur,almennur,ASÍ,sa,Samtök atvinnulífsins,1,8,8,1987-10-01,2003-01-01,2000-01-01,3,4,3,123.74,109.27,73,samfelld
nafn:sjúkraliðafélag íslands,4,Sjúkraliðafélag Íslands,opinber,BSRB,riki,Ríkið,4,8,19,2019-04-01,2027-04-01,2024-04-01,3,4,1,114.75,110.87,27,samfelld
nafn:sálfræðingafélag íslands,19,Sálfræðingafélag Íslands,opinber,BHM,sveitarfelog,Samband íslenskra sveitarfélaga,3,8,17,2020-01-01,2027-04-01,2023-03-31,4,6,1,124.25,120.2,26,samfelld
nafn:viska,9,Viska,opinber,BHM,riki,Ríkið,5,8,24,2019-04-01,2027-04-01,2024-04-01,3,4,1,114.75,110.87,27,samfelld
nafn:þroskaþjálfafélag íslands,2,Þroskaþjálfafélag Íslands,opinber,BHM,riki,Ríkið,6,8,32,2019-04-01,2027-04-01,2024-04-01,3,4,1,114.75,110.87,27,samfelld
nafn:bsrb,,BSRB,opinber,,riki,Ríkið,1,7,7,1990-02-01,2010-06-01,2009-11-01,1,2,1,108.24,100.0,221,of fáir punktar
nafn:dýralæknafélag íslands,24,Dýralæknafélag Íslands,opinber,BHM,sveitarfelog,Samband íslenskra sveitarfélaga,2,7,8,2021-01-01,2027-04-01,2023-03-31,4,6,1,121.22,120.2,26,samfelld
nafn:félag skipstjórnarmanna,27,Félag skipstjórnarmanna,opinber,Sérfélög,riki,Ríkið,6,7,30,2011-12-13,2025-04-01,2025-04-01,0,1,2,103.5,100.0,85,of fáir punktar
nafn:landssamband slökkviliðs- og sjúkraflutningamanna,89,Landssamband slökkviliðs- og sjúkraflutningamanna,opinber,BSRB,riki,Ríkið,3,7,19,2020-04-01,2027-04-01,2024-04-01,3,4,1,114.75,110.87,27,samfelld
nafn:samband stjórnendafélaga,67,Samband stjórnendafélaga,opinber,Sérfélög,riki,Ríkið,5,7,32,2020-04-01,2027-04-01,2024-04-01,3,4,1,114.75,110.87,27,samfelld
nafn:sjómannasamband íslands,46,Sjómannasamband Íslands,almennur,ASÍ,sfs,Samtök fyrirtækja í sjávarútvegi,1,7,7,1984-04-01,2007-01-01,2005-01-01,2,3,1,119.11,105.83,240,eyður
nafn:bhm,98,BHM,almennur,BHM,fy-rarik,RARIK,2,6,8,2008-05-01,2012-05-15,2011-12-01,1,3,1,116.2,105.06,23,eyður
nafn:félag prófessora við ríkisháskóla,82,Félag prófessora við ríkisháskóla,opinber,BHM,riki,Ríkið,1,6,6,2019-04-01,2027-04-01,2024-04-01,3,4,1,114.75,110.87,43,samfelld
nafn:félag tæknifólks hjá landsvirkjun,,Félag tæknifólks hjá Landsvirkjun,opinber,,fy-landsnet,Landsnet,1,6,6,2006-01-01,2013-02-01,2011-06-01,2,3,1,117.04,106.86,41,eyður
nafn:félag íslenskra hljómlistarmanna,20,Félag íslenskra hljómlistarmanna,opinber,BHM,sveitarfelog,Samband íslenskra sveitarfélaga,2,6,7,2022-01-01,2027-04-01,2024-04-01,3,5,1,114.62,114.62,27,samfelld
nafn:kjarafélag viðskiptafræðinga og hagfræðinga,8,Kjarafélag viðskiptafræðinga og hagfræðinga,opinber,BHM,sveitarfelog,Samband íslenskra sveitarfélaga,6,6,28,2015-09-01,2027-04-01,2023-04-01,4,5,1,120.2,114.48,91,samfelld
nafn:landssamband lögreglumanna,11,Landssamband lögreglumanna,opinber,BSRB,riki,Ríkið,2,6,7,2011-06-01,2021-01-01,2019-04-01,2,3,1,106.86,100.0,73,eyður
nafn:lív,99,LÍV,almennur,ASÍ,sa,Samtök atvinnulífsins,2,6,10,1998-01-01,2027-01-01,2024-02-01,3,4,1,119.05,110.87,301,samfelld
nafn:starfsmannafélag kópavogs,80,Starfsmannafélag Kópavogs,opinber,BSRB,sveitarfelog,Samband íslenskra sveitarfélaga,2,6,7,2015-05-01,2026-04-01,2024-04-01,2,3,1,119.6,107.12,82,eyður
nafn:starfsmannafélag suðurnesja,96,Starfsmannafélag Suðurnesja,opinber,BSRB,riki,Ríkið,2,6,10,2005-03-01,2008-01-01,2005-03-01,3,6,0,111.33,111.33,10,samfelld
nafn:verkfræðingafélag íslands,,Verkfræðingafélag Íslands,opinber,BHM,sveitarfelog,Samband íslenskra sveitarfélaga,3,6,9,2021-01-01,2026-04-01,2023-04-01,3,5,1,127.75,121.67,27,samfelld
nafn:verslunarmannafélag reykjavíkur,,Verslunarmannafélag Reykjavíkur,almennur,,sa,Samtök atvinnulífsins,1,6,6,1995-02-21,2008-01-01,2004-04-16,4,5,1,113.97,110.38,110,samfelld
nafn:félag sjúkraþjálfara,50,Félag sjúkraþjálfara,opinber,BHM,riki,Ríkið,3,5,16,2022-01-01,2027-04-01,2024-04-01,3,4,1,114.75,110.87,27,samfelld
nafn:félagsráðgjafafélag íslands,1,Félagsráðgjafafélag Íslands,opinber,BHM,riki,Ríkið,4,5,21,2022-01-01,2027-04-01,2024-04-01,3,4,1,114.75,110.87,27,samfelld
nafn:iðjuþjálfafélag íslands,22,Iðjuþjálfafélag Íslands,opinber,BHM,riki,Ríkið,4,5,24,2022-01-01,2027-04-01,2024-04-01,3,4,1,114.75,110.87,27,samfelld
nafn:kjölur,68,Kjölur,opinber,BSRB,riki,Ríkið,5,5,14,2011-06-01,2022-01-01,2022-01-01,0,1,2,115.09,100.0,80,of fáir punktar
nafn:ljósmæðrafélag íslands,66,Ljósmæðrafélag Íslands,opinber,BHM,riki,Ríkið,1,5,5,2022-01-01,2027-04-01,2024-04-01,3,4,1,114.75,110.87,27,samfelld
nafn:sjómannafélag reykjavíkur,27,Sjómannafélag Reykjavíkur,opinber,Sérfélög,sa,Samtök atvinnulífsins,2,5,7,1974-12-01,1985-03-01,1985-03-01,0,1,2,112.98,100.0,88,of fáir punktar
nafn:skerpa,6,Skerpa stéttarfélag,opinber,,sa,Samtök atvinnulífsins,2,5,8,2017-05-01,2027-01-01,2024-02-01,3,4,1,114.48,110.88,81,samfelld
nafn:starfsmannafélag ríkisútvarpsins,,Starfsmannafélag Ríkisútvarpsins,opinber,Sérfélög,fy-rikisutvarpid,Ríkisútvarpið,1,5,5,2014-12-31,2018-05-01,2014-12-31,4,5,0,114.44,114.44,16,samfelld
nafn:verkfræðingafélag íslands félag íslenskra náttúrufræðinga viska kjarafélag viðskiptafræðinga og hagfræðinga,34,"Verkfræðingafélag Íslands, Félag íslenskra náttúrufræðinga, Viska, Kjarafélag viðskiptafræðinga og hagfræðinga",opinber,Sérfélög,riki,Ríkið,5,5,17,2019-04-01,2022-01-01,2019-04-01,3,5,0,100.75,100.75,12,samfelld
nafn:flugvirkjafélag íslands,58,Flugvirkjafélag Íslands,almennur,Sérfélög,fy-icelandair,Icelandair,6,4,24,2014-07-01,2017-08-31,2014-07-01,3,4,0,109.27,109.27,18,samfelld
nafn:frf iþf þf fín,,"FRF, IÞF, ÞF, FÍN",almennur,BHM,sfv,Samtök fyrirtækja í velferðarþjónustu,1,4,4,2024-04-01,2027-04-01,2024-04-01,3,4,0,110.87,110.87,12,samfelld
nafn:félag hársnyrtisveina,,Félag hársnyrtisveina,almennur,,sa,Samtök atvinnulífsins,1,4,4,2019-04-01,2022-01-01,2019-04-01,3,4,0,100.0,100.0,12,samfelld
nafn:félag leikstjóra á íslandi,65,Félag leikstjóra á Íslandi,almennur,BHM,riki,Ríkið,2,4,7,2024-04-01,2027-04-01,2024-04-01,3,4,0,110.87,110.87,12,samfelld
nafn:félag matreiðslumanna,,Félag matreiðslumanna,almennur,,sa,Samtök atvinnulífsins,1,4,4,1976-07-01,1983-01-01,1983-01-01,0,1,1,114.61,100.0,71,of fáir punktar
nafn:félag starfsmanna stjórnarráðsins,63,Félag starfsmanna stjórnarráðsins,opinber,BSRB,riki,Ríkið,1,4,4,2019-04-01,2022-01-01,2019-04-01,3,4,0,100.0,100.0,12,samfelld
nafn:félag íslenskra náttúrufræðinga iðjuþjálfafélag íslands þroskaþjálfafélag íslands,2,"Félag íslenskra náttúrufræðinga, Iðjuþjálfafélag Íslands, Þroskaþjálfafélag Íslands",almennur,BHM,sfv,Samtök fyrirtækja í velferðarþjónustu,1,4,4,2024-04-01,2027-04-01,2024-04-01,3,4,0,110.87,110.87,12,samfelld
nafn:kennarasamband íslands,17,Kennarasamband Íslands,opinber,KÍ,riki,Ríkið,6,4,29,2014-03-01,2023-04-01,2023-04-01,0,1,2,110.1,100.0,61,of fáir punktar
nafn:landssamband íslenskra verzlunarmanna,11,Landssamband íslenskra verzlunarmanna,almennur,BSRB,sa,Samtök atvinnulífsins,1,4,4,2019-04-01,2022-01-01,2019-04-01,3,4,0,100.0,100.0,12,samfelld
nafn:leiðsögnin,16,Leiðsögnin,almennur,ASÍ,sa,Samtök atvinnulífsins,1,4,4,2024-02-01,2027-01-01,2024-02-01,3,4,0,110.87,110.87,12,samfelld
nafn:lyfjafræðingafélag íslands,79,Lyfjafræðingafélag Íslands,opinber,Sérfélög,riki,Ríkið,1,4,4,2019-04-01,2022-01-01,2019-04-01,3,4,0,100.0,100.0,12,samfelld
nafn:samband garðyrkjubænda,87,Samband garðyrkjubænda,almennur,,fy-samidn,Samiðn,1,4,4,2016-04-30,2018-05-01,2016-04-30,2,4,0,108.21,108.21,12,eyður
nafn:sjómannafélag íslands,75,Sjómannafélag Íslands,almennur,ASÍ,riki,Ríkið,1,4,4,2019-04-01,2022-01-01,2019-04-01,3,4,0,100.0,100.0,12,samfelld
nafn:sjómannafélagið íslands,47,Sjómannafélagið Íslands,almennur,Sérfélög,sa,Samtök atvinnulífsins,3,4,10,2024-02-01,2027-01-01,2024-02-01,3,4,0,110.87,110.87,12,samfelld
nafn:starfsmannafélag hafnarfjarðar,,Starfsmannafélag Hafnarfjarðar,opinber,,sveitarfelog,Samband íslenskra sveitarfélaga,1,4,4,2015-05-01,2023-03-31,2023-03-31,0,1,1,109.06,100.0,69,of fáir punktar
nafn:stéttarfélag lögfræðinga,12,Stéttarfélag lögfræðinga,opinber,BHM,riki,Ríkið,3,4,17,2024-04-01,2027-04-01,2024-04-01,3,4,0,110.87,110.87,12,samfelld
nafn:stéttarfélag tölvunarfræðinga,60,Stéttarfélag tölvunarfræðinga,opinber,Sérfélög,riki,Ríkið,2,4,14,2019-04-01,2022-01-01,2019-04-01,3,4,0,100.0,100.0,12,samfelld
nafn:trésmiðafélag reykjavíkur,,Trésmiðafélag Reykjavíkur,opinber,ASÍ,riki,Ríkið,1,4,4,1990-02-01,1991-06-01,1990-02-01,1,4,0,106.64,106.64,10,eyður
nafn:verkalýðsfélagið hlíf samiðnar,,"Verkalýðsfélagið Hlíf, Samiðnar",opinber,ASÍ,sveitarfelog,Samband íslenskra sveitarfélaga,1,4,4,2002-01-01,2005-01-01,2002-01-01,3,4,0,109.27,109.27,12,samfelld
nafn:bakarasveinafélags íslands félags framreiðslumanna félags íslenskra kjötiðnaðarmanna og félags matreiðslumanna,,"Bakarasveinafélags Íslands, Félags framreiðslumanna, Félags íslenskra kjötiðnaðarmanna og Félags matreiðslumanna",almennur,,sa,Samtök atvinnulífsins,1,3,3,2005-01-01,2007-01-01,2005-01-01,2,3,0,104.81,104.81,12,eyður
nafn:foss stéttarfélag í almannaþjónustu,77,FOSS stéttarfélag í almannaþjónustu,opinber,BSRB,fy-solvellir,Sólvellir,1,3,3,2024-04-01,2026-01-01,2024-04-01,2,3,0,107.12,107.12,12,eyður
nafn:félag járniðnaðarmanna félag byggingariðnaðarmanna,,"Félag járniðnaðarmanna, Félag byggingariðnaðarmanna",,,fy-kerfodrun,Kerfóðrun,1,3,3,2001-01-01,2003-01-01,2001-01-01,2,3,0,106.09,106.09,12,eyður
nafn:félag tanntækna og aðstoðarfólks tannlækna,,Félag tanntækna og aðstoðarfólks tannlækna,almennur,Sérfélög,fy-tannlaeknafelag-islands,Tannlæknafélag Íslands,1,3,3,2024-04-01,2026-01-01,2024-04-01,2,3,0,107.12,107.12,12,eyður
nafn:matvís rafiðnaðarsamband íslands félag vélstjóra og málmtæknimanna,8,"MATVÍS, Rafiðnaðarsamband Íslands, Félag vélstjóra og málmtæknimanna",opinber,BHM,sveitarfelog,Samband íslenskra sveitarfélaga,1,3,3,2024-04-01,2026-04-01,2024-04-01,2,3,0,107.12,107.12,12,eyður
nafn:rafiðnaðarsamband íslands vm félag vélstjóra og málmtæknimanna,13,"Rafiðnaðarsamband Íslands, VM, Félag vélstjóra og málmtæknimanna",almennur,ASÍ,fy-hs-veitur,HS Veitur,1,3,3,2024-02-01,2027-01-01,2027-01-01,0,1,1,107.12,100.0,24,of fáir punktar
nafn:rafmagnsveitur,,Rafmagnsveitur,,,fy-ekki-tilgreint,Ekki tilgreint,1,3,3,1984-06-01,1985-01-01,1984-06-01,1,3,0,106.09,106.09,4,eyður
nafn:samflot bæjarstarfsmannafélag,,Samflot bæjarstarfsmannafélag,opinber,,sveitarfelog,Samband íslenskra sveitarfélaga,1,3,3,2015-05-01,2017-06-01,2015-05-01,2,3,0,108.14,108.14,13,eyður
nafn:sns,,SNS,opinber,,sveitarfelog,Samband íslenskra sveitarfélaga,1,3,3,2015-05-01,2017-06-01,2015-05-01,2,3,0,108.14,108.14,13,eyður
nafn:starfsmannafélag mosfellsbæjar,,Starfsmannafélag Mosfellsbæjar,opinber,,sveitarfelog,Samband íslenskra sveitarfélaga,1,3,3,2015-05-01,2017-06-01,2015-05-01,2,3,0,108.14,108.14,13,eyður
nafn:starfsmannafélag reykjavíkurborgar,3,Starfsmannafélag Reykjavíkurborgar,opinber,BSRB,fy-faxafloahafnir,Faxaflóahafnir,1,3,3,2011-06-01,2014-02-01,2014-02-01,0,1,1,106.4,100.0,23,of fáir punktar
nafn:stéttarfélag starfsmanna reykjavíkurborgar,,Stéttarfélag starfsmanna Reykjavíkurborgar,opinber,,reykjavikurborg,Reykjavíkurborg,2,3,4,2015-05-01,2017-06-01,2015-05-01,2,3,0,112.36,112.36,13,eyður
nafn:sókn,,Sókn,opinber,,riki,Ríkið,1,3,3,1989-07-01,1989-11-01,1989-07-01,0,3,0,100.0,100.0,2,eyður
nafn:verkalýðsfélög,,Verkalýðsfélög,,,fy-islenska-alfelagid,Íslenska álfélagið,1,3,3,2001-01-01,2003-01-01,2001-01-01,2,3,0,106.09,106.09,12,eyður
nafn:viðkomandi verkalýðsfélög,,Viðkomandi verkalýðsfélög,opinber,,sa,Samtök atvinnulífsins,1,3,3,1997-04-01,1999-01-01,1997-04-01,2,3,0,108.16,108.16,12,eyður
nafn:vélstjórafélag suðurnesja,,Vélstjórafélag Suðurnesja,almennur,,sa,Samtök atvinnulífsins,1,3,3,1987-03-01,1987-10-01,1987-03-01,0,3,0,103.02,103.02,4,eyður
nafn:vélstjórafélag íslands,,Vélstjórafélag Íslands,opinber,,fy-orkubu-vestfjarda,Orkubú Vestfjarða,1,3,3,2002-01-01,2004-01-01,2002-01-01,2,3,0,105.83,105.83,12,eyður
nafn:alþýðusambands íslands verkamannasambands íslands samiðnar rafiðnaðarsambands íslands,,"Alþýðusambands Íslands, Verkamannasambands Íslands, Samiðnar, Rafiðnaðarsambands Íslands",opinber,ASÍ,fy-landsvirkjun,Landsvirkjun,1,2,2,2000-05-01,2001-01-01,2000-05-01,1,2,0,103.0,103.0,8,of fáir punktar
nafn:arkitektafélag íslands,9,Arkitektafélag Íslands,opinber,BHM,reykjavikurborg,Reykjavíkurborg,1,2,2,2011-06-01,2023-04-01,2023-04-01,0,1,1,106.75,100.0,142,of fáir punktar
nafn:byggiðn,,BYGGIÐN - Félag byggingamanna,opinber,ASÍ,fy-samband-byggingamanna,Samband byggingamanna,3,2,5,1983-09-01,1984-02-21,1983-09-01,1,2,0,105.0,105.0,5,of fáir punktar
nafn:dagsbrún,,Dagsbrún,opinber,,sa,Samtök atvinnulífsins,2,2,3,1998-01-01,1999-01-01,1998-01-01,1,2,0,104.0,104.0,12,of fáir punktar
nafn:félag kennara og stjórnenda í tónlistarskólum,132,Félag kennara og stjórnenda í tónlistarskólum,opinber,KÍ,sveitarfelog,Samband íslenskra sveitarfélaga,1,2,2,2021-01-01,2022-01-01,2021-01-01,1,2,0,102.5,102.5,12,of fáir punktar
nafn:félag leikskólakennara,131,Félag leikskólakennara,opinber,KÍ,sveitarfelog,Samband íslenskra sveitarfélaga,1,2,2,2021-01-01,2022-01-01,2021-01-01,1,2,0,102.5,102.5,12,of fáir punktar
nafn:félag rafiðnaðarmanna,,Félag rafiðnaðarmanna,almennur,,sa,Samtök atvinnulífsins,1,2,2,2011-06-01,2012-02-01,2011-06-01,1,2,0,103.5,103.5,8,of fáir punktar
nafn:félag íslenskra atvinnuflugmanna,18,Félag íslenskra atvinnuflugmanna,opinber,Sérfélög,fy-landhelgisgaesla-islands,Landhelgisgæsla Íslands,1,2,2,2018-02-10,2023-04-01,2023-04-01,0,1,1,103.0,100.0,62,of fáir punktar
nafn:múrarafélag reykjavíkur sveinafélag pípulagningamanna,,"Múrarafélag Reykjavíkur, Sveinafélag pípulagningamanna",opinber,,riki,Ríkið,1,2,2,2002-01-01,2003-01-01,2002-01-01,1,2,0,103.0,103.0,12,of fáir punktar
nafn:rafiðnaðarsamband íslands,13,Rafiðnaðarsamband Íslands,opinber,ASÍ,sa,Samtök atvinnulífsins,1,2,2,1996-01-01,2027-01-01,2027-01-01,0,1,1,103.25,100.0,372,of fáir punktar
nafn:rsí samiðnar,,"RSÍ, Samiðnar",almennur,,sa,Samtök atvinnulífsins,1,2,2,1995-06-09,1996-01-01,1995-06-09,1,2,0,103.0,103.0,7,of fáir punktar
nafn:stéttarfélag verkfræðinga,102,Stéttarfélag verkfræðinga,opinber,ASÍ,riki,Ríkið,1,2,2,2007-01-01,2008-01-01,2007-01-01,1,2,0,102.0,102.0,12,of fáir punktar
nafn:verkalýðsfélagið hlíf efling,,"Verkalýðsfélagið Hlíf, Efling - stéttarfélag",,ASÍ,fy-gamathjonustan,Gámaþjónustan,1,2,2,2002-01-01,2003-01-01,2002-01-01,1,2,0,103.8,103.8,12,of fáir punktar
nafn:verkfræðingafélag íslands kjaradeildar byggingafræðingafélags íslands stéttarfélag tölvunarfræðinga,34,"Verkfræðingafélag Íslands, Kjaradeildar Byggingafræðingafélags Íslands, Stéttarfélag tölvunarfræðinga",almennur,Sérfélög,fy-felag-radgjafarverkfraedinga,Félag ráðgjafarverkfræðinga,1,2,2,2026-01-01,2027-01-01,2026-01-01,1,2,0,103.5,103.5,12,of fáir punktar
nafn:así,38,ASÍ,almennur,,sa,Samtök atvinnulífsins,1,1,1,2009-11-01,2009-11-01,2009-11-01,0,1,0,100.0,100.0,,of fáir punktar
nafn:efling verkalýðsfélagið boðinn verkalýðs- og sjómannafélag bolungarvíkur verkalýðsfélagið vaka verkalýðsfélag raufarhafnar,43,"Efling, Verkalýðsfélagið Boðinn, Verkalýðs- og sjómannafélag Bolungarvíkur, Verkalýðsfélagið Vaka, Verkalýðsfélag Raufarhafnar",almennur,ASÍ,sa,Samtök atvinnulífsins,1,1,1,2004-06-20,2004-06-20,2004-06-20,0,1,0,100.0,100.0,,of fáir punktar
nafn:félag byggingariðnaðarmanna árnessýslu,,Félag byggingariðnaðarmanna Árnessýslu,,,fy-null,null,1,1,1,1987-10-01,1987-10-01,1987-10-01,0,1,0,100.0,100.0,,of fáir punktar
nafn:félag bókagerðarmanna,,Félag bókagerðarmanna,opinber,,fy-samband-islenskra-auglysingastofa,Samband íslenskra Auglýsingastofa (SIA),1,1,1,2010-06-01,2010-06-01,2010-06-01,0,1,0,100.0,100.0,,of fáir punktar
nafn:félag framhaldsskólakennara,17,Félag framhaldsskólakennara,opinber,KÍ,fy-taekniskolinn,Tækniskólinn,1,1,1,2025-08-01,2025-08-01,2025-08-01,0,1,0,100.0,100.0,,of fáir punktar
nafn:félag grunnskólakennara,130,Félag grunnskólakennara,opinber,KÍ,sveitarfelog,Samband íslenskra sveitarfélaga,1,1,1,2021-01-01,2021-01-01,2021-01-01,0,1,0,100.0,100.0,,of fáir punktar
nafn:félag skipstjórnarmanna skipstjóra- og stýrimannafélagið verðandi skipstjóra- og stýrimannafélagið vísir,,"Félag skipstjórnarmanna, Skipstjóra- og stýrimannafélagið Verðandi, Skipstjóra- og stýrimannafélagið Vísir",almennur,ASÍ,sfs,Samtök fyrirtækja í sjávarútvegi,1,1,1,2024-02-01,2024-02-01,2024-02-01,0,1,0,100.0,100.0,,of fáir punktar
nafn:félag tækniteiknara,7,Félag tækniteiknara,almennur,,fy-felag-radgjafarverkfraedinga,Félag ráðgjafarverkfræðinga,1,1,1,2012-01-01,2012-01-01,2012-01-01,0,1,0,100.0,100.0,,of fáir punktar
nafn:félag íslenskra listamanna í sviðlistum og kvikmyndum,18,Félag íslenskra listamanna í sviðlistum og kvikmyndum,opinber,BHM,fy-icelandair-group,Icelandair Group,1,1,1,2022-11-01,2022-11-01,2022-11-01,0,1,0,100.0,100.0,,of fáir punktar
nafn:félag íslenskra stórverslunarfélaga,16,Félag íslenskra stórverslunarfélaga,,Sérfélög,fy-vr,VR,1,1,1,2004-05-01,2004-05-01,2004-05-01,0,1,0,100.0,100.0,,of fáir punktar
nafn:málarafélag reykjavíkur,,Málarafélag Reykjavíkur,almennur,,sa,Samtök atvinnulífsins,1,1,1,1981-11-01,1981-11-01,1981-11-01,0,1,0,100.0,100.0,,of fáir punktar
nafn:múrarafélag reykjavíkur og sveinafélag pípulagningamanna,,Múrarafélag Reykjavíkur og Sveinafélag pípulagningamanna,opinber,,riki,Ríkið,1,1,1,2005-01-01,2005-01-01,2005-01-01,0,1,0,100.0,100.0,,of fáir punktar
nafn:prestafélag íslands,69,Prestafélag Íslands,,BHM,fy-thjodkirkjan,Þjóðkirkjan,1,1,1,2022-04-01,2022-04-01,2022-04-01,0,1,0,100.0,100.0,,of fáir punktar
nafn:sfr,3,SFR - Stéttarfélag í almannaþjónustu,opinber,BSRB,fy-as-styrktarfelag,Ás styrktarfélag,1,1,1,2015-05-01,2015-05-01,2015-05-01,0,1,0,100.0,100.0,,of fáir punktar
nafn:sjómannafélagið jötunn,47,Sjómannafélagið Jötunn,almennur,,fy-herjolfs,Herjólfs,1,1,1,2022-11-01,2022-11-01,2022-11-01,0,1,0,100.0,100.0,,of fáir punktar
nafn:veggfóðrarafélag reykjavíkur sveinafélag pípulagningamanna,,"Veggfóðrarafélag Reykjavíkur, Sveinafélag pípulagningamanna",almennur,,sa,Samtök atvinnulífsins,1,1,1,1987-10-01,1987-10-01,1987-10-01,0,1,0,100.0,100.0,,of fáir punktar
nafn:verkamannafélagið fram,,Verkamannafélagið Fram,,,fy-steinullarverksmidjan,Steinullarverksmiðjan,1,1,1,1996-01-01,1996-01-01,1996-01-01,0,1,0,100.0,100.0,,of fáir punktar
