Mánuður,Eining,gildi
1989M01,Vísitölugildi,100
1989M01,"Mánaðarbreyting, %",0
1989M02,Vísitölugildi,100.6
1989M02,"Mánaðarbreyting, %",0.6
1989M03,Vísitölugildi,101.3
1989M03,"Mánaðarbreyting, %",0.7
1989M04,Vísitölugildi,102.6
1989M04,"Mánaðarbreyting, %",1.3
1989M05,Vísitölugildi,105.7
1989M05,"Mánaðarbreyting, %",3
1989M06,Vísitölugildi,106.3
1989M06,"Mánaðarbreyting, %",0.6
1989M07,Vísitölugildi,106.8
1989M07,"Mánaðarbreyting, %",0.5
1989M08,Vísitölugildi,107
1989M08,"Mánaðarbreyting, %",0.2
1989M09,Vísitölugildi,110.1
1989M09,"Mánaðarbreyting, %",2.9
1989M10,Vísitölugildi,110.3
1989M10,"Mánaðarbreyting, %",0.2
1989M11,Vísitölugildi,112.7
1989M11,"Mánaðarbreyting, %",2.2
1989M12,Vísitölugildi,112.7
1989M12,"Mánaðarbreyting, %",0
1989M12,"Ársbreyting, %",12.7
1990M01,Vísitölugildi,113.3
1990M01,"Mánaðarbreyting, %",0.5
1990M01,"Ársbreyting, %",13.3
1990M02,Vísitölugildi,114.7
1990M02,"Mánaðarbreyting, %",1.2
1990M02,"Ársbreyting, %",14
1990M03,Vísitölugildi,114.7
1990M03,"Mánaðarbreyting, %",0
1990M03,"Ársbreyting, %",13.2
1990M04,Vísitölugildi,114.7
1990M04,"Mánaðarbreyting, %",0
1990M04,"Ársbreyting, %",11.8
1990M05,Vísitölugildi,115
1990M05,"Mánaðarbreyting, %",0.3
1990M05,"Ársbreyting, %",8.8
1990M06,Vísitölugildi,116.6
1990M06,"Mánaðarbreyting, %",1.4
1990M06,"Ársbreyting, %",9.7
1990M07,Vísitölugildi,116.9
1990M07,"Mánaðarbreyting, %",0.3
1990M07,"Ársbreyting, %",9.5
1990M08,Vísitölugildi,116.9
1990M08,"Mánaðarbreyting, %",0
1990M08,"Ársbreyting, %",9.3
1990M09,Vísitölugildi,116.6
1990M09,"Mánaðarbreyting, %",-0.3
1990M09,"Ársbreyting, %",5.9
1990M10,Vísitölugildi,116.9
1990M10,"Mánaðarbreyting, %",0.3
1990M10,"Ársbreyting, %",6
1990M11,Vísitölugildi,117
1990M11,"Mánaðarbreyting, %",0.1
1990M11,"Ársbreyting, %",3.8
1990M12,Vísitölugildi,120.1
1990M12,"Mánaðarbreyting, %",2.6
1990M12,"Ársbreyting, %",6.6
1991M01,Vísitölugildi,120.2
1991M01,"Mánaðarbreyting, %",0.1
1991M01,"Ársbreyting, %",6.1
1991M02,Vísitölugildi,120.3
1991M02,"Mánaðarbreyting, %",0.1
1991M02,"Ársbreyting, %",4.9
1991M03,Vísitölugildi,123.7
1991M03,"Mánaðarbreyting, %",2.8
1991M03,"Ársbreyting, %",7.8
1991M04,Vísitölugildi,123.7
1991M04,"Mánaðarbreyting, %",0
1991M04,"Ársbreyting, %",7.8
1991M05,Vísitölugildi,123.7
1991M05,"Mánaðarbreyting, %",0
1991M05,"Ársbreyting, %",7.6
1991M06,Vísitölugildi,127
1991M06,"Mánaðarbreyting, %",2.7
1991M06,"Ársbreyting, %",8.9
1991M07,Vísitölugildi,129.2
1991M07,"Mánaðarbreyting, %",1.7
1991M07,"Ársbreyting, %",10.5
1991M08,Vísitölugildi,129.2
1991M08,"Mánaðarbreyting, %",0
1991M08,"Ársbreyting, %",10.5
1991M09,Vísitölugildi,129.3
1991M09,"Mánaðarbreyting, %",0.1
1991M09,"Ársbreyting, %",10.9
1991M10,Vísitölugildi,127.8
1991M10,"Mánaðarbreyting, %",-1.2
1991M10,"Ársbreyting, %",9.3
1991M11,Vísitölugildi,127.8
1991M11,"Mánaðarbreyting, %",0
1991M11,"Ársbreyting, %",9.2
1991M12,Vísitölugildi,127.8
1991M12,"Mánaðarbreyting, %",0
1991M12,"Ársbreyting, %",6.4
1992M01,Vísitölugildi,127.8
1992M01,"Mánaðarbreyting, %",0
1992M01,"Ársbreyting, %",6.3
1992M02,Vísitölugildi,127.8
1992M02,"Mánaðarbreyting, %",0
1992M02,"Ársbreyting, %",6.2
1992M03,Vísitölugildi,128.1
1992M03,"Mánaðarbreyting, %",0.2
1992M03,"Ársbreyting, %",3.6
1992M04,Vísitölugildi,128.1
1992M04,"Mánaðarbreyting, %",0
1992M04,"Ársbreyting, %",3.6
1992M05,Vísitölugildi,130
1992M05,"Mánaðarbreyting, %",1.5
1992M05,"Ársbreyting, %",5.1
1992M06,Vísitölugildi,130.1
1992M06,"Mánaðarbreyting, %",0.1
1992M06,"Ársbreyting, %",2.4
1992M07,Vísitölugildi,130.2
1992M07,"Mánaðarbreyting, %",0.1
1992M07,"Ársbreyting, %",0.8
1992M08,Vísitölugildi,130.2
1992M08,"Mánaðarbreyting, %",0
1992M08,"Ársbreyting, %",0.8
1992M09,Vísitölugildi,130.3
1992M09,"Mánaðarbreyting, %",0.1
1992M09,"Ársbreyting, %",0.8
1992M10,Vísitölugildi,130.4
1992M10,"Mánaðarbreyting, %",0.1
1992M10,"Ársbreyting, %",2
1992M11,Vísitölugildi,130.4
1992M11,"Mánaðarbreyting, %",0
1992M11,"Ársbreyting, %",2
1992M12,Vísitölugildi,130.7
1992M12,"Mánaðarbreyting, %",0.2
1992M12,"Ársbreyting, %",2.3
1993M01,Vísitölugildi,130.7
1993M01,"Mánaðarbreyting, %",0
1993M01,"Ársbreyting, %",2.3
1993M02,Vísitölugildi,130.8
1993M02,"Mánaðarbreyting, %",0.1
1993M02,"Ársbreyting, %",2.3
1993M03,Vísitölugildi,131.1
1993M03,"Mánaðarbreyting, %",0.2
1993M03,"Ársbreyting, %",2.3
1993M04,Vísitölugildi,131.1
1993M04,"Mánaðarbreyting, %",0
1993M04,"Ársbreyting, %",2.3
1993M05,Vísitölugildi,131.2
1993M05,"Mánaðarbreyting, %",0.1
1993M05,"Ársbreyting, %",0.9
1993M06,Vísitölugildi,131.3
1993M06,"Mánaðarbreyting, %",0.1
1993M06,"Ársbreyting, %",0.9
1993M07,Vísitölugildi,131.3
1993M07,"Mánaðarbreyting, %",0
1993M07,"Ársbreyting, %",0.8
1993M08,Vísitölugildi,131.3
1993M08,"Mánaðarbreyting, %",0
1993M08,"Ársbreyting, %",0.8
1993M09,Vísitölugildi,131.5
1993M09,"Mánaðarbreyting, %",0.2
1993M09,"Ársbreyting, %",0.9
1993M10,Vísitölugildi,131.5
1993M10,"Mánaðarbreyting, %",0
1993M10,"Ársbreyting, %",0.8
1993M11,Vísitölugildi,131.8
1993M11,"Mánaðarbreyting, %",0.2
1993M11,"Ársbreyting, %",1.1
1993M12,Vísitölugildi,131.9
1993M12,"Mánaðarbreyting, %",0.1
1993M12,"Ársbreyting, %",0.9
1994M01,Vísitölugildi,131.9
1994M01,"Mánaðarbreyting, %",0
1994M01,"Ársbreyting, %",0.9
1994M02,Vísitölugildi,132
1994M02,"Mánaðarbreyting, %",0.1
1994M02,"Ársbreyting, %",0.9
1994M03,Vísitölugildi,132.1
1994M03,"Mánaðarbreyting, %",0.1
1994M03,"Ársbreyting, %",0.8
1994M04,Vísitölugildi,132.2
1994M04,"Mánaðarbreyting, %",0.1
1994M04,"Ársbreyting, %",0.8
1994M05,Vísitölugildi,132.2
1994M05,"Mánaðarbreyting, %",0
1994M05,"Ársbreyting, %",0.8
1994M06,Vísitölugildi,133.1
1994M06,"Mánaðarbreyting, %",0.7
1994M06,"Ársbreyting, %",1.4
1994M07,Vísitölugildi,133.1
1994M07,"Mánaðarbreyting, %",0
1994M07,"Ársbreyting, %",1.4
1994M08,Vísitölugildi,133.2
1994M08,"Mánaðarbreyting, %",0.1
1994M08,"Ársbreyting, %",1.4
1994M09,Vísitölugildi,133.3
1994M09,"Mánaðarbreyting, %",0.1
1994M09,"Ársbreyting, %",1.4
1994M10,Vísitölugildi,133.6
1994M10,"Mánaðarbreyting, %",0.2
1994M10,"Ársbreyting, %",1.6
1994M11,Vísitölugildi,133.7
1994M11,"Mánaðarbreyting, %",0.1
1994M11,"Ársbreyting, %",1.4
1994M12,Vísitölugildi,133.8
1994M12,"Mánaðarbreyting, %",0.1
1994M12,"Ársbreyting, %",1.4
1995M01,Vísitölugildi,133.9
1995M01,"Mánaðarbreyting, %",0.1
1995M01,"Ársbreyting, %",1.5
1995M02,Vísitölugildi,134.8
1995M02,"Mánaðarbreyting, %",0.7
1995M02,"Ársbreyting, %",2.1
1995M03,Vísitölugildi,136.6
1995M03,"Mánaðarbreyting, %",1.3
1995M03,"Ársbreyting, %",3.4
1995M04,Vísitölugildi,137.3
1995M04,"Mánaðarbreyting, %",0.5
1995M04,"Ársbreyting, %",3.9
1995M05,Vísitölugildi,138.8
1995M05,"Mánaðarbreyting, %",1.1
1995M05,"Ársbreyting, %",5
1995M06,Vísitölugildi,139.6
1995M06,"Mánaðarbreyting, %",0.6
1995M06,"Ársbreyting, %",4.9
1995M07,Vísitölugildi,139.7
1995M07,"Mánaðarbreyting, %",0.1
1995M07,"Ársbreyting, %",5
1995M08,Vísitölugildi,140.3
1995M08,"Mánaðarbreyting, %",0.4
1995M08,"Ársbreyting, %",5.3
1995M09,Vísitölugildi,140.8
1995M09,"Mánaðarbreyting, %",0.4
1995M09,"Ársbreyting, %",5.6
1995M10,Vísitölugildi,141.2
1995M10,"Mánaðarbreyting, %",0.3
1995M10,"Ársbreyting, %",5.7
1995M11,Vísitölugildi,141.5
1995M11,"Mánaðarbreyting, %",0.2
1995M11,"Ársbreyting, %",5.8
1995M12,Vísitölugildi,141.8
1995M12,"Mánaðarbreyting, %",0.2
1995M12,"Ársbreyting, %",6
1996M01,Vísitölugildi,146.7
1996M01,"Mánaðarbreyting, %",3.5
1996M01,"Ársbreyting, %",9.6
1996M02,Vísitölugildi,146.9
1996M02,"Mánaðarbreyting, %",0.1
1996M02,"Ársbreyting, %",9
1996M03,Vísitölugildi,147.4
1996M03,"Mánaðarbreyting, %",0.3
1996M03,"Ársbreyting, %",7.9
1996M04,Vísitölugildi,147.4
1996M04,"Mánaðarbreyting, %",0
1996M04,"Ársbreyting, %",7.4
1996M05,Vísitölugildi,147.8
1996M05,"Mánaðarbreyting, %",0.3
1996M05,"Ársbreyting, %",6.5
1996M06,Vísitölugildi,147.9
1996M06,"Mánaðarbreyting, %",0.1
1996M06,"Ársbreyting, %",5.9
1996M07,Vísitölugildi,147.9
1996M07,"Mánaðarbreyting, %",0
1996M07,"Ársbreyting, %",5.9
1996M08,Vísitölugildi,147.9
1996M08,"Mánaðarbreyting, %",0
1996M08,"Ársbreyting, %",5.4
1996M09,Vísitölugildi,148
1996M09,"Mánaðarbreyting, %",0.1
1996M09,"Ársbreyting, %",5.1
1996M10,Vísitölugildi,148.2
1996M10,"Mánaðarbreyting, %",0.1
1996M10,"Ársbreyting, %",5
1996M11,Vísitölugildi,148.2
1996M11,"Mánaðarbreyting, %",0
1996M11,"Ársbreyting, %",4.7
1996M12,Vísitölugildi,148.7
1996M12,"Mánaðarbreyting, %",0.3
1996M12,"Ársbreyting, %",4.9
1997M01,Vísitölugildi,148.8
1997M01,"Mánaðarbreyting, %",0.1
1997M01,"Ársbreyting, %",1.4
1997M02,Vísitölugildi,148.9
1997M02,"Mánaðarbreyting, %",0.1
1997M02,"Ársbreyting, %",1.4
1997M03,Vísitölugildi,149.5
1997M03,"Mánaðarbreyting, %",0.4
1997M03,"Ársbreyting, %",1.4
1997M04,Vísitölugildi,154.1
1997M04,"Mánaðarbreyting, %",3.1
1997M04,"Ársbreyting, %",4.5
1997M05,Vísitölugildi,156.7
1997M05,"Mánaðarbreyting, %",1.7
1997M05,"Ársbreyting, %",6
1997M06,Vísitölugildi,157.1
1997M06,"Mánaðarbreyting, %",0.3
1997M06,"Ársbreyting, %",6.2
1997M07,Vísitölugildi,157.9
1997M07,"Mánaðarbreyting, %",0.5
1997M07,"Ársbreyting, %",6.8
1997M08,Vísitölugildi,158
1997M08,"Mánaðarbreyting, %",0.1
1997M08,"Ársbreyting, %",6.8
1997M09,Vísitölugildi,158.5
1997M09,"Mánaðarbreyting, %",0.3
1997M09,"Ársbreyting, %",7.1
1997M10,Vísitölugildi,159.3
1997M10,"Mánaðarbreyting, %",0.5
1997M10,"Ársbreyting, %",7.5
1997M11,Vísitölugildi,159.8
1997M11,"Mánaðarbreyting, %",0.3
1997M11,"Ársbreyting, %",7.8
1997M12,Vísitölugildi,160.7
1997M12,"Mánaðarbreyting, %",0.6
1997M12,"Ársbreyting, %",8.1
1998M01,Vísitölugildi,167.9
1998M01,"Mánaðarbreyting, %",4.5
1998M01,"Ársbreyting, %",12.8
1998M02,Vísitölugildi,168.4
1998M02,"Mánaðarbreyting, %",0.3
1998M02,"Ársbreyting, %",13.1
1998M03,Vísitölugildi,168.7
1998M03,"Mánaðarbreyting, %",0.2
1998M03,"Ársbreyting, %",12.8
1998M04,Vísitölugildi,169.2
1998M04,"Mánaðarbreyting, %",0.3
1998M04,"Ársbreyting, %",9.8
1998M05,Vísitölugildi,169.4
1998M05,"Mánaðarbreyting, %",0.1
1998M05,"Ársbreyting, %",8.1
1998M06,Vísitölugildi,169.9
1998M06,"Mánaðarbreyting, %",0.3
1998M06,"Ársbreyting, %",8.1
1998M07,Vísitölugildi,170.4
1998M07,"Mánaðarbreyting, %",0.3
1998M07,"Ársbreyting, %",7.9
1998M08,Vísitölugildi,171.4
1998M08,"Mánaðarbreyting, %",0.6
1998M08,"Ársbreyting, %",8.5
1998M09,Vísitölugildi,171.7
1998M09,"Mánaðarbreyting, %",0.2
1998M09,"Ársbreyting, %",8.3
1998M10,Vísitölugildi,172.1
1998M10,"Mánaðarbreyting, %",0.2
1998M10,"Ársbreyting, %",8
1998M11,Vísitölugildi,172.5
1998M11,"Mánaðarbreyting, %",0.2
1998M11,"Ársbreyting, %",7.9
1998M12,Vísitölugildi,173.3
1998M12,"Mánaðarbreyting, %",0.5
1998M12,"Ársbreyting, %",7.8
1999M01,Vísitölugildi,180.4
1999M01,"Mánaðarbreyting, %",4.1
1999M01,"Ársbreyting, %",7.4
1999M02,Vísitölugildi,180.9
1999M02,"Mánaðarbreyting, %",0.3
1999M02,"Ársbreyting, %",7.4
1999M03,Vísitölugildi,181.2
1999M03,"Mánaðarbreyting, %",0.2
1999M03,"Ársbreyting, %",7.4
1999M04,Vísitölugildi,181.4
1999M04,"Mánaðarbreyting, %",0.1
1999M04,"Ársbreyting, %",7.2
1999M05,Vísitölugildi,181.6
1999M05,"Mánaðarbreyting, %",0.1
1999M05,"Ársbreyting, %",7.2
1999M06,Vísitölugildi,181.8
1999M06,"Mánaðarbreyting, %",0.1
1999M06,"Ársbreyting, %",7
1999M07,Vísitölugildi,182
1999M07,"Mánaðarbreyting, %",0.1
1999M07,"Ársbreyting, %",6.8
1999M08,Vísitölugildi,182.2
1999M08,"Mánaðarbreyting, %",0.1
1999M08,"Ársbreyting, %",6.3
1999M09,Vísitölugildi,182.5
1999M09,"Mánaðarbreyting, %",0.2
1999M09,"Ársbreyting, %",6.3
1999M10,Vísitölugildi,182.9
1999M10,"Mánaðarbreyting, %",0.2
1999M10,"Ársbreyting, %",6.3
1999M11,Vísitölugildi,183.5
1999M11,"Mánaðarbreyting, %",0.3
1999M11,"Ársbreyting, %",6.4
1999M12,Vísitölugildi,184
1999M12,"Mánaðarbreyting, %",0.3
1999M12,"Ársbreyting, %",6.2
2000M01,Vísitölugildi,186.9
2000M01,"Mánaðarbreyting, %",1.6
2000M01,"Ársbreyting, %",3.6
2000M02,Vísitölugildi,189.3
2000M02,"Mánaðarbreyting, %",1.3
2000M02,"Ársbreyting, %",4.6
2000M03,Vísitölugildi,189.6
2000M03,"Mánaðarbreyting, %",0.2
2000M03,"Ársbreyting, %",4.6
2000M04,Vísitölugildi,191.1
2000M04,"Mánaðarbreyting, %",0.8
2000M04,"Ársbreyting, %",5.3
2000M05,Vísitölugildi,194.5
2000M05,"Mánaðarbreyting, %",1.8
2000M05,"Ársbreyting, %",7.1
2000M06,Vísitölugildi,195.7
2000M06,"Mánaðarbreyting, %",0.6
2000M06,"Ársbreyting, %",7.6
2000M07,Vísitölugildi,196.4
2000M07,"Mánaðarbreyting, %",0.4
2000M07,"Ársbreyting, %",7.9
2000M08,Vísitölugildi,196.6
2000M08,"Mánaðarbreyting, %",0.1
2000M08,"Ársbreyting, %",7.9
2000M09,Vísitölugildi,196.8
2000M09,"Mánaðarbreyting, %",0.1
2000M09,"Ársbreyting, %",7.8
2000M10,Vísitölugildi,197.2
2000M10,"Mánaðarbreyting, %",0.2
2000M10,"Ársbreyting, %",7.8
2000M11,Vísitölugildi,197.4
2000M11,"Mánaðarbreyting, %",0.1
2000M11,"Ársbreyting, %",7.6
2000M12,Vísitölugildi,198
2000M12,"Mánaðarbreyting, %",0.3
2000M12,"Ársbreyting, %",7.6
2001M01,Vísitölugildi,204.2
2001M01,"Mánaðarbreyting, %",3.1
2001M01,"Ársbreyting, %",9.3
2001M02,Vísitölugildi,204.8
2001M02,"Mánaðarbreyting, %",0.3
2001M02,"Ársbreyting, %",8.2
2001M03,Vísitölugildi,207
2001M03,"Mánaðarbreyting, %",1.1
2001M03,"Ársbreyting, %",9.2
2001M04,Vísitölugildi,208.7
2001M04,"Mánaðarbreyting, %",0.8
2001M04,"Ársbreyting, %",9.2
2001M05,Vísitölugildi,210
2001M05,"Mánaðarbreyting, %",0.6
2001M05,"Ársbreyting, %",8
2001M06,Vísitölugildi,211.7
2001M06,"Mánaðarbreyting, %",0.8
2001M06,"Ársbreyting, %",8.2
2001M07,Vísitölugildi,212.4
2001M07,"Mánaðarbreyting, %",0.3
2001M07,"Ársbreyting, %",8.1
2001M08,Vísitölugildi,213.9
2001M08,"Mánaðarbreyting, %",0.7
2001M08,"Ársbreyting, %",8.8
2001M09,Vísitölugildi,214.8
2001M09,"Mánaðarbreyting, %",0.4
2001M09,"Ársbreyting, %",9.1
2001M10,Vísitölugildi,215.2
2001M10,"Mánaðarbreyting, %",0.2
2001M10,"Ársbreyting, %",9.1
2001M11,Vísitölugildi,215.9
2001M11,"Mánaðarbreyting, %",0.3
2001M11,"Ársbreyting, %",9.4
2001M12,Vísitölugildi,217
2001M12,"Mánaðarbreyting, %",0.5
2001M12,"Ársbreyting, %",9.6
2002M01,Vísitölugildi,224.6
2002M01,"Mánaðarbreyting, %",3.5
2002M01,"Ársbreyting, %",10
2002M02,Vísitölugildi,224.8
2002M02,"Mánaðarbreyting, %",0.1
2002M02,"Ársbreyting, %",9.8
2002M03,Vísitölugildi,225
2002M03,"Mánaðarbreyting, %",0.1
2002M03,"Ársbreyting, %",8.7
2002M04,Vísitölugildi,225.4
2002M04,"Mánaðarbreyting, %",0.2
2002M04,"Ársbreyting, %",8
2002M05,Vísitölugildi,225.8
2002M05,"Mánaðarbreyting, %",0.2
2002M05,"Ársbreyting, %",7.5
2002M06,Vísitölugildi,226.3
2002M06,"Mánaðarbreyting, %",0.2
2002M06,"Ársbreyting, %",6.9
2002M07,Vísitölugildi,226.5
2002M07,"Mánaðarbreyting, %",0.1
2002M07,"Ársbreyting, %",6.6
2002M08,Vísitölugildi,226.7
2002M08,"Mánaðarbreyting, %",0.1
2002M08,"Ársbreyting, %",6
2002M09,Vísitölugildi,227.2
2002M09,"Mánaðarbreyting, %",0.2
2002M09,"Ársbreyting, %",5.8
2002M10,Vísitölugildi,227.9
2002M10,"Mánaðarbreyting, %",0.3
2002M10,"Ársbreyting, %",5.9
2002M11,Vísitölugildi,228.1
2002M11,"Mánaðarbreyting, %",0.1
2002M11,"Ársbreyting, %",5.7
2002M12,Vísitölugildi,228.7
2002M12,"Mánaðarbreyting, %",0.3
2002M12,"Ársbreyting, %",5.4
2003M01,Vísitölugildi,237
2003M01,"Mánaðarbreyting, %",3.6
2003M01,"Ársbreyting, %",5.5
2003M02,Vísitölugildi,237.5
2003M02,"Mánaðarbreyting, %",0.2
2003M02,"Ársbreyting, %",5.6
2003M03,Vísitölugildi,237.8
2003M03,"Mánaðarbreyting, %",0.1
2003M03,"Ársbreyting, %",5.7
2003M04,Vísitölugildi,238
2003M04,"Mánaðarbreyting, %",0.1
2003M04,"Ársbreyting, %",5.6
2003M05,Vísitölugildi,238.5
2003M05,"Mánaðarbreyting, %",0.2
2003M05,"Ársbreyting, %",5.6
2003M06,Vísitölugildi,239
2003M06,"Mánaðarbreyting, %",0.2
2003M06,"Ársbreyting, %",5.6
2003M07,Vísitölugildi,239.3
2003M07,"Mánaðarbreyting, %",0.1
2003M07,"Ársbreyting, %",5.7
2003M08,Vísitölugildi,239.6
2003M08,"Mánaðarbreyting, %",0.1
2003M08,"Ársbreyting, %",5.7
2003M09,Vísitölugildi,239.9
2003M09,"Mánaðarbreyting, %",0.1
2003M09,"Ársbreyting, %",5.6
2003M10,Vísitölugildi,240.4
2003M10,"Mánaðarbreyting, %",0.2
2003M10,"Ársbreyting, %",5.5
2003M11,Vísitölugildi,240.7
2003M11,"Mánaðarbreyting, %",0.1
2003M11,"Ársbreyting, %",5.5
2003M12,Vísitölugildi,241
2003M12,"Mánaðarbreyting, %",0.1
2003M12,"Ársbreyting, %",5.4
2004M01,Vísitölugildi,244.9
2004M01,"Mánaðarbreyting, %",1.6
2004M01,"Ársbreyting, %",3.3
2004M02,Vísitölugildi,245.4
2004M02,"Mánaðarbreyting, %",0.2
2004M02,"Ársbreyting, %",3.3
2004M03,Vísitölugildi,246.8
2004M03,"Mánaðarbreyting, %",0.6
2004M03,"Ársbreyting, %",3.8
2004M04,Vísitölugildi,247.5
2004M04,"Mánaðarbreyting, %",0.3
2004M04,"Ársbreyting, %",4
2004M05,Vísitölugildi,249.5
2004M05,"Mánaðarbreyting, %",0.8
2004M05,"Ársbreyting, %",4.6
2004M06,Vísitölugildi,251.1
2004M06,"Mánaðarbreyting, %",0.6
2004M06,"Ársbreyting, %",5.1
2004M07,Vísitölugildi,251.4
2004M07,"Mánaðarbreyting, %",0.1
2004M07,"Ársbreyting, %",5.1
2004M08,Vísitölugildi,252
2004M08,"Mánaðarbreyting, %",0.2
2004M08,"Ársbreyting, %",5.2
2004M09,Vísitölugildi,252.5
2004M09,"Mánaðarbreyting, %",0.2
2004M09,"Ársbreyting, %",5.3
2004M10,Vísitölugildi,253.2
2004M10,"Mánaðarbreyting, %",0.3
2004M10,"Ársbreyting, %",5.3
2004M11,Vísitölugildi,253.8
2004M11,"Mánaðarbreyting, %",0.2
2004M11,"Ársbreyting, %",5.4
2004M12,Vísitölugildi,255.5
2004M12,"Mánaðarbreyting, %",0.7
2004M12,"Ársbreyting, %",6
2005M01,Vísitölugildi,261.1
2005M01,"Mánaðarbreyting, %",2.2
2005M01,"Ársbreyting, %",6.6
2005M02,Vísitölugildi,261.9
2005M02,"Mánaðarbreyting, %",0.3
2005M02,"Ársbreyting, %",6.7
2005M03,Vísitölugildi,262.9
2005M03,"Mánaðarbreyting, %",0.4
2005M03,"Ársbreyting, %",6.5
2005M04,Vísitölugildi,264.2
2005M04,"Mánaðarbreyting, %",0.5
2005M04,"Ársbreyting, %",6.7
2005M05,Vísitölugildi,265.9
2005M05,"Mánaðarbreyting, %",0.6
2005M05,"Ársbreyting, %",6.6
2005M06,Vísitölugildi,267
2005M06,"Mánaðarbreyting, %",0.4
2005M06,"Ársbreyting, %",6.3
2005M07,Vísitölugildi,268
2005M07,"Mánaðarbreyting, %",0.4
2005M07,"Ársbreyting, %",6.6
2005M08,Vísitölugildi,268.9
2005M08,"Mánaðarbreyting, %",0.3
2005M08,"Ársbreyting, %",6.7
2005M09,Vísitölugildi,269.8
2005M09,"Mánaðarbreyting, %",0.3
2005M09,"Ársbreyting, %",6.9
2005M10,Vísitölugildi,270.6
2005M10,"Mánaðarbreyting, %",0.3
2005M10,"Ársbreyting, %",6.9
2005M11,Vísitölugildi,272.3
2005M11,"Mánaðarbreyting, %",0.6
2005M11,"Ársbreyting, %",7.3
2005M12,Vísitölugildi,273.9
2005M12,"Mánaðarbreyting, %",0.6
2005M12,"Ársbreyting, %",7.2
2006M01,Vísitölugildi,282.8
2006M01,"Mánaðarbreyting, %",3.3
2006M01,"Ársbreyting, %",8.3
2006M02,Vísitölugildi,284.4
2006M02,"Mánaðarbreyting, %",0.6
2006M02,"Ársbreyting, %",8.6
2006M03,Vísitölugildi,285.4
2006M03,"Mánaðarbreyting, %",0.3
2006M03,"Ársbreyting, %",8.6
2006M04,Vísitölugildi,286.4
2006M04,"Mánaðarbreyting, %",0.4
2006M04,"Ársbreyting, %",8.4
2006M05,Vísitölugildi,289.1
2006M05,"Mánaðarbreyting, %",0.9
2006M05,"Ársbreyting, %",8.7
2006M06,Vísitölugildi,290.4
2006M06,"Mánaðarbreyting, %",0.4
2006M06,"Ársbreyting, %",8.8
2006M07,Vísitölugildi,295.4
2006M07,"Mánaðarbreyting, %",1.7
2006M07,"Ársbreyting, %",10.2
2006M08,Vísitölugildi,297.4
2006M08,"Mánaðarbreyting, %",0.7
2006M08,"Ársbreyting, %",10.6
2006M09,Vísitölugildi,298.9
2006M09,"Mánaðarbreyting, %",0.5
2006M09,"Ársbreyting, %",10.8
2006M10,Vísitölugildi,300.4
2006M10,"Mánaðarbreyting, %",0.5
2006M10,"Ársbreyting, %",11
2006M11,Vísitölugildi,301
2006M11,"Mánaðarbreyting, %",0.2
2006M11,"Ársbreyting, %",10.5
2006M12,Vísitölugildi,300.8
2006M12,"Mánaðarbreyting, %",-0.1
2006M12,"Ársbreyting, %",9.8
2007M01,Vísitölugildi,311.5
2007M01,"Mánaðarbreyting, %",3.5
2007M01,"Ársbreyting, %",10.1
2007M02,Vísitölugildi,312.3
2007M02,"Mánaðarbreyting, %",0.3
2007M02,"Ársbreyting, %",9.8
2007M03,Vísitölugildi,313.2
2007M03,"Mánaðarbreyting, %",0.3
2007M03,"Ársbreyting, %",9.7
2007M04,Vísitölugildi,314.6
2007M04,"Mánaðarbreyting, %",0.4
2007M04,"Ársbreyting, %",9.8
2007M05,Vísitölugildi,316.9
2007M05,"Mánaðarbreyting, %",0.7
2007M05,"Ársbreyting, %",9.6
2007M06,Vísitölugildi,319
2007M06,"Mánaðarbreyting, %",0.6
2007M06,"Ársbreyting, %",9.8
2007M07,Vísitölugildi,319.8
2007M07,"Mánaðarbreyting, %",0.3
2007M07,"Ársbreyting, %",8.3
2007M08,Vísitölugildi,321.1
2007M08,"Mánaðarbreyting, %",0.4
2007M08,"Ársbreyting, %",8
2007M09,Vísitölugildi,323.1
2007M09,"Mánaðarbreyting, %",0.6
2007M09,"Ársbreyting, %",8.1
2007M10,Vísitölugildi,324.6
2007M10,"Mánaðarbreyting, %",0.5
2007M10,"Ársbreyting, %",8.1
2007M11,Vísitölugildi,325.9
2007M11,"Mánaðarbreyting, %",0.4
2007M11,"Ársbreyting, %",8.3
2007M12,Vísitölugildi,326.6
2007M12,"Mánaðarbreyting, %",0.2
2007M12,"Ársbreyting, %",8.6
2008M01,Vísitölugildi,330.9
2008M01,"Mánaðarbreyting, %",1.3
2008M01,"Ársbreyting, %",6.2
2008M02,Vísitölugildi,333.5
2008M02,"Mánaðarbreyting, %",0.8
2008M02,"Ársbreyting, %",6.8
2008M03,Vísitölugildi,337.6
2008M03,"Mánaðarbreyting, %",1.2
2008M03,"Ársbreyting, %",7.8
2008M04,Vísitölugildi,340.5
2008M04,"Mánaðarbreyting, %",0.9
2008M04,"Ársbreyting, %",8.2
2008M05,Vísitölugildi,342
2008M05,"Mánaðarbreyting, %",0.4
2008M05,"Ársbreyting, %",7.9
2008M06,Vísitölugildi,346.2
2008M06,"Mánaðarbreyting, %",1.2
2008M06,"Ársbreyting, %",8.5
2008M07,Vísitölugildi,348.8
2008M07,"Mánaðarbreyting, %",0.7
2008M07,"Ársbreyting, %",9.1
2008M08,Vísitölugildi,350.4
2008M08,"Mánaðarbreyting, %",0.5
2008M08,"Ársbreyting, %",9.1
2008M09,Vísitölugildi,352.2
2008M09,"Mánaðarbreyting, %",0.5
2008M09,"Ársbreyting, %",9
2008M10,Vísitölugildi,353.3
2008M10,"Mánaðarbreyting, %",0.3
2008M10,"Ársbreyting, %",8.8
2008M11,Vísitölugildi,351.3
2008M11,"Mánaðarbreyting, %",-0.6
2008M11,"Ársbreyting, %",7.8
2008M12,Vísitölugildi,353.6
2008M12,"Mánaðarbreyting, %",0.7
2008M12,"Ársbreyting, %",8.3
2009M01,Vísitölugildi,355.7
2009M01,"Mánaðarbreyting, %",0.6
2009M01,"Ársbreyting, %",7.5
2009M02,Vísitölugildi,355.7
2009M02,"Mánaðarbreyting, %",0
2009M02,"Ársbreyting, %",6.7
2009M03,Vísitölugildi,356.1
2009M03,"Mánaðarbreyting, %",0.1
2009M03,"Ársbreyting, %",5.5
2009M04,Vísitölugildi,355.4
2009M04,"Mánaðarbreyting, %",-0.2
2009M04,"Ársbreyting, %",4.4
2009M05,Vísitölugildi,356
2009M05,"Mánaðarbreyting, %",0.2
2009M05,"Ársbreyting, %",4.1
2009M06,Vísitölugildi,356.7
2009M06,"Mánaðarbreyting, %",0.2
2009M06,"Ársbreyting, %",3
2009M07,Vísitölugildi,358
2009M07,"Mánaðarbreyting, %",0.4
2009M07,"Ársbreyting, %",2.6
2009M08,Vísitölugildi,358.1
2009M08,"Mánaðarbreyting, %",0
2009M08,"Ársbreyting, %",2.2
2009M09,Vísitölugildi,359
2009M09,"Mánaðarbreyting, %",0.3
2009M09,"Ársbreyting, %",1.9
2009M10,Vísitölugildi,360.1
2009M10,"Mánaðarbreyting, %",0.3
2009M10,"Ársbreyting, %",1.9
2009M11,Vísitölugildi,365.4
2009M11,"Mánaðarbreyting, %",1.5
2009M11,"Ársbreyting, %",4
2009M12,Vísitölugildi,366.5
2009M12,"Mánaðarbreyting, %",0.3
2009M12,"Ársbreyting, %",3.6
2010M01,Vísitölugildi,366.9
2010M01,"Mánaðarbreyting, %",0.1
2010M01,"Ársbreyting, %",3.1
2010M02,Vísitölugildi,368.6
2010M02,"Mánaðarbreyting, %",0.5
2010M02,"Ársbreyting, %",3.6
2010M03,Vísitölugildi,369
2010M03,"Mánaðarbreyting, %",0.1
2010M03,"Ársbreyting, %",3.6
2010M04,Vísitölugildi,369.5
2010M04,"Mánaðarbreyting, %",0.1
2010M04,"Ársbreyting, %",4
2010M05,Vísitölugildi,370.1
2010M05,"Mánaðarbreyting, %",0.2
2010M05,"Ársbreyting, %",4
2010M06,Vísitölugildi,378.3
2010M06,"Mánaðarbreyting, %",2.2
2010M06,"Ársbreyting, %",6.1
2010M07,Vísitölugildi,379.5
2010M07,"Mánaðarbreyting, %",0.3
2010M07,"Ársbreyting, %",6
2010M08,Vísitölugildi,379.5
2010M08,"Mánaðarbreyting, %",0
2010M08,"Ársbreyting, %",6
2010M09,Vísitölugildi,380.7
2010M09,"Mánaðarbreyting, %",0.3
2010M09,"Ársbreyting, %",6
2010M10,Vísitölugildi,381.8
2010M10,"Mánaðarbreyting, %",0.3
2010M10,"Ársbreyting, %",6
2010M11,Vísitölugildi,382.4
2010M11,"Mánaðarbreyting, %",0.2
2010M11,"Ársbreyting, %",4.7
2010M12,Vísitölugildi,383.1
2010M12,"Mánaðarbreyting, %",0.2
2010M12,"Ársbreyting, %",4.5
2011M01,Vísitölugildi,383.2
2011M01,"Mánaðarbreyting, %",0
2011M01,"Ársbreyting, %",4.4
2011M02,Vísitölugildi,383.9
2011M02,"Mánaðarbreyting, %",0.2
2011M02,"Ársbreyting, %",4.2
2011M03,Vísitölugildi,385.2
2011M03,"Mánaðarbreyting, %",0.3
2011M03,"Ársbreyting, %",4.4
2011M04,Vísitölugildi,385.6
2011M04,"Mánaðarbreyting, %",0.1
2011M04,"Ársbreyting, %",4.4
2011M05,Vísitölugildi,389.9
2011M05,"Mánaðarbreyting, %",1.1
2011M05,"Ársbreyting, %",5.3
2011M06,Vísitölugildi,405
2011M06,"Mánaðarbreyting, %",3.9
2011M06,"Ársbreyting, %",7.1
2011M07,Vísitölugildi,409.1
2011M07,"Mánaðarbreyting, %",1
2011M07,"Ársbreyting, %",7.8
2011M08,Vísitölugildi,409.7
2011M08,"Mánaðarbreyting, %",0.1
2011M08,"Ársbreyting, %",8
2011M09,Vísitölugildi,412.8
2011M09,"Mánaðarbreyting, %",0.8
2011M09,"Ársbreyting, %",8.4
2011M10,Vísitölugildi,415.7
2011M10,"Mánaðarbreyting, %",0.7
2011M10,"Ársbreyting, %",8.9
2011M11,Vísitölugildi,416.9
2011M11,"Mánaðarbreyting, %",0.3
2011M11,"Ársbreyting, %",9
2011M12,Vísitölugildi,418.2
2011M12,"Mánaðarbreyting, %",0.3
2011M12,"Ársbreyting, %",9.2
2012M01,Vísitölugildi,418.2
2012M01,"Mánaðarbreyting, %",0
2012M01,"Ársbreyting, %",9.1
2012M02,Vísitölugildi,427.1
2012M02,"Mánaðarbreyting, %",2.1
2012M02,"Ársbreyting, %",11.3
2012M03,Vísitölugildi,431.7
2012M03,"Mánaðarbreyting, %",1.1
2012M03,"Ársbreyting, %",12.1
2012M04,Vísitölugildi,431.4
2012M04,"Mánaðarbreyting, %",-0.1
2012M04,"Ársbreyting, %",11.9
2012M05,Vísitölugildi,432.9
2012M05,"Mánaðarbreyting, %",0.4
2012M05,"Ársbreyting, %",11
2012M06,Vísitölugildi,433.1
2012M06,"Mánaðarbreyting, %",0
2012M06,"Ársbreyting, %",6.9
2012M07,Vísitölugildi,433.5
2012M07,"Mánaðarbreyting, %",0.1
2012M07,"Ársbreyting, %",6
2012M08,Vísitölugildi,433.7
2012M08,"Mánaðarbreyting, %",0.1
2012M08,"Ársbreyting, %",5.9
2012M09,Vísitölugildi,436.3
2012M09,"Mánaðarbreyting, %",0.6
2012M09,"Ársbreyting, %",5.7
2012M10,Vísitölugildi,436.8
2012M10,"Mánaðarbreyting, %",0.1
2012M10,"Ársbreyting, %",5.1
2012M11,Vísitölugildi,437.7
2012M11,"Mánaðarbreyting, %",0.2
2012M11,"Ársbreyting, %",5
2012M12,Vísitölugildi,437.7
2012M12,"Mánaðarbreyting, %",0
2012M12,"Ársbreyting, %",4.7
2013M01,Vísitölugildi,439.2
2013M01,"Mánaðarbreyting, %",0.3
2013M01,"Ársbreyting, %",5
2013M02,Vísitölugildi,449.4
2013M02,"Mánaðarbreyting, %",2.3
2013M02,"Ársbreyting, %",5.2
2013M03,Vísitölugildi,455.3
2013M03,"Mánaðarbreyting, %",1.3
2013M03,"Ársbreyting, %",5.5
2013M04,Vísitölugildi,456.4
2013M04,"Mánaðarbreyting, %",0.2
2013M04,"Ársbreyting, %",5.8
2013M05,Vísitölugildi,456.5
2013M05,"Mánaðarbreyting, %",0
2013M05,"Ársbreyting, %",5.5
2013M06,Vísitölugildi,457.8
2013M06,"Mánaðarbreyting, %",0.3
2013M06,"Ársbreyting, %",5.7
2013M07,Vísitölugildi,457.5
2013M07,"Mánaðarbreyting, %",-0.1
2013M07,"Ársbreyting, %",5.5
2013M08,Vísitölugildi,458.6
2013M08,"Mánaðarbreyting, %",0.2
2013M08,"Ársbreyting, %",5.7
2013M09,Vísitölugildi,462
2013M09,"Mánaðarbreyting, %",0.7
2013M09,"Ársbreyting, %",5.9
2013M10,Vísitölugildi,463.1
2013M10,"Mánaðarbreyting, %",0.2
2013M10,"Ársbreyting, %",6
2013M11,Vísitölugildi,464.2
2013M11,"Mánaðarbreyting, %",0.2
2013M11,"Ársbreyting, %",6.1
2013M12,Vísitölugildi,463.8
2013M12,"Mánaðarbreyting, %",-0.1
2013M12,"Ársbreyting, %",6
2014M01,Vísitölugildi,468.5
2014M01,"Mánaðarbreyting, %",1
2014M01,"Ársbreyting, %",6.7
2014M02,Vísitölugildi,470.5
2014M02,"Mánaðarbreyting, %",0.4
2014M02,"Ársbreyting, %",4.7
2014M03,Vísitölugildi,475.3
2014M03,"Mánaðarbreyting, %",1
2014M03,"Ársbreyting, %",4.4
2014M04,Vísitölugildi,478.4
2014M04,"Mánaðarbreyting, %",0.7
2014M04,"Ársbreyting, %",4.8
2014M05,Vísitölugildi,480.4
2014M05,"Mánaðarbreyting, %",0.4
2014M05,"Ársbreyting, %",5.2
2014M06,Vísitölugildi,482.7
2014M06,"Mánaðarbreyting, %",0.5
2014M06,"Ársbreyting, %",5.4
2014M07,Vísitölugildi,484.7
2014M07,"Mánaðarbreyting, %",0.4
2014M07,"Ársbreyting, %",5.9
2014M08,Vísitölugildi,487.4
2014M08,"Mánaðarbreyting, %",0.6
2014M08,"Ársbreyting, %",6.3
2014M09,Vísitölugildi,490.6
2014M09,"Mánaðarbreyting, %",0.7
2014M09,"Ársbreyting, %",6.2
2014M10,Vísitölugildi,493.8
2014M10,"Mánaðarbreyting, %",0.6
2014M10,"Ársbreyting, %",6.6
2014M11,Vísitölugildi,494.7
2014M11,"Mánaðarbreyting, %",0.2
2014M11,"Ársbreyting, %",6.6
2014M12,Vísitölugildi,494.6
2014M12,"Mánaðarbreyting, %",0
2014M12,"Ársbreyting, %",6.6
2015M01,Vísitölugildi,498.1
2015M01,"Mánaðarbreyting, %",0.7
2015M01,"Ársbreyting, %",6.3
2015M02,Vísitölugildi,500.8
2015M02,"Mánaðarbreyting, %",0.5
2015M02,"Ársbreyting, %",6.4
2015M03,Vísitölugildi,502.1
2015M03,"Mánaðarbreyting, %",0.3
2015M03,"Ársbreyting, %",5.6
2015M04,Vísitölugildi,503.2
2015M04,"Mánaðarbreyting, %",0.2
2015M04,"Ársbreyting, %",5.2
2015M05,Vísitölugildi,505.7
2015M05,"Mánaðarbreyting, %",0.5
2015M05,"Ársbreyting, %",5.3
2015M06,Vísitölugildi,517.1
2015M06,"Mánaðarbreyting, %",2.3
2015M06,"Ársbreyting, %",7.1
2015M07,Vísitölugildi,523
2015M07,"Mánaðarbreyting, %",1.1
2015M07,"Ársbreyting, %",7.9
2015M08,Vísitölugildi,524.7
2015M08,"Mánaðarbreyting, %",0.3
2015M08,"Ársbreyting, %",7.7
2015M09,Vísitölugildi,531
2015M09,"Mánaðarbreyting, %",1.2
2015M09,"Ársbreyting, %",8.2
2015M10,Vísitölugildi,532.9
2015M10,"Mánaðarbreyting, %",0.3
2015M10,"Ársbreyting, %",7.9
2015M11,Vísitölugildi,537.6
2015M11,"Mánaðarbreyting, %",0.9
2015M11,"Ársbreyting, %",8.7
2015M12,Vísitölugildi,542.7
2015M12,"Mánaðarbreyting, %",0.9
2015M12,"Ársbreyting, %",9.7
2016M01,Vísitölugildi,545
2016M01,"Mánaðarbreyting, %",0.4
2016M01,"Ársbreyting, %",9.4
2016M02,Vísitölugildi,564
2016M02,"Mánaðarbreyting, %",3.5
2016M02,"Ársbreyting, %",12.6
2016M03,Vísitölugildi,568.8
2016M03,"Mánaðarbreyting, %",0.9
2016M03,"Ársbreyting, %",13.3
2016M04,Vísitölugildi,570.4
2016M04,"Mánaðarbreyting, %",0.3
2016M04,"Ársbreyting, %",13.4
2016M05,Vísitölugildi,573.1
2016M05,"Mánaðarbreyting, %",0.5
2016M05,"Ársbreyting, %",13.3
2016M06,Vísitölugildi,581.6
2016M06,"Mánaðarbreyting, %",1.5
2016M06,"Ársbreyting, %",12.5
2016M07,Vísitölugildi,581.9
2016M07,"Mánaðarbreyting, %",0.1
2016M07,"Ársbreyting, %",11.3
2016M08,Vísitölugildi,583.4
2016M08,"Mánaðarbreyting, %",0.3
2016M08,"Ársbreyting, %",11.2
2016M09,Vísitölugildi,586.7
2016M09,"Mánaðarbreyting, %",0.6
2016M09,"Ársbreyting, %",10.5
2016M10,Vísitölugildi,588.3
2016M10,"Mánaðarbreyting, %",0.3
2016M10,"Ársbreyting, %",10.4
2016M11,Vísitölugildi,589.9
2016M11,"Mánaðarbreyting, %",0.3
2016M11,"Ársbreyting, %",9.7
2016M12,Vísitölugildi,592.2
2016M12,"Mánaðarbreyting, %",0.4
2016M12,"Ársbreyting, %",9.1
2017M01,Vísitölugildi,592.4
2017M01,"Mánaðarbreyting, %",0.1
2017M01,"Ársbreyting, %",8.7
2017M02,Vísitölugildi,595.1
2017M02,"Mánaðarbreyting, %",0.4
2017M02,"Ársbreyting, %",5.5
2017M03,Vísitölugildi,597.3
2017M03,"Mánaðarbreyting, %",0.4
2017M03,"Ársbreyting, %",5
2017M04,Vísitölugildi,598.4
2017M04,"Mánaðarbreyting, %",0.2
2017M04,"Ársbreyting, %",4.9
2017M05,Vísitölugildi,617.8
2017M05,"Mánaðarbreyting, %",3.2
2017M05,"Ársbreyting, %",7.8
2017M06,Vísitölugildi,623.8
2017M06,"Mánaðarbreyting, %",1
2017M06,"Ársbreyting, %",7.3
2017M07,Vísitölugildi,623.9
2017M07,"Mánaðarbreyting, %",0
2017M07,"Ársbreyting, %",7.2
2017M08,Vísitölugildi,625.2
2017M08,"Mánaðarbreyting, %",0.2
2017M08,"Ársbreyting, %",7.2
2017M09,Vísitölugildi,630
2017M09,"Mánaðarbreyting, %",0.8
2017M09,"Ársbreyting, %",7.4
2017M10,Vísitölugildi,630.7
2017M10,"Mánaðarbreyting, %",0.1
2017M10,"Ársbreyting, %",7.2
2017M11,Vísitölugildi,631.6
2017M11,"Mánaðarbreyting, %",0.1
2017M11,"Ársbreyting, %",7.1
2017M12,Vísitölugildi,632.8
2017M12,"Mánaðarbreyting, %",0.2
2017M12,"Ársbreyting, %",6.9
2018M01,Vísitölugildi,635.6
2018M01,"Mánaðarbreyting, %",0.4
2018M01,"Ársbreyting, %",7.3
2018M02,Vísitölugildi,638.1
2018M02,"Mánaðarbreyting, %",0.4
2018M02,"Ársbreyting, %",7.2
2018M03,Vísitölugildi,640
2018M03,"Mánaðarbreyting, %",0.3
2018M03,"Ársbreyting, %",7.1
2018M04,Vísitölugildi,641.9
2018M04,"Mánaðarbreyting, %",0.3
2018M04,"Ársbreyting, %",7.3
2018M05,Vísitölugildi,656.5
2018M05,"Mánaðarbreyting, %",2.3
2018M05,"Ársbreyting, %",6.3
2018M06,Vísitölugildi,660.9
2018M06,"Mánaðarbreyting, %",0.7
2018M06,"Ársbreyting, %",5.9
2018M07,Vísitölugildi,663.4
2018M07,"Mánaðarbreyting, %",0.4
2018M07,"Ársbreyting, %",6.3
2018M08,Vísitölugildi,662.8
2018M08,"Mánaðarbreyting, %",-0.1
2018M08,"Ársbreyting, %",6
2018M09,Vísitölugildi,667
2018M09,"Mánaðarbreyting, %",0.6
2018M09,"Ársbreyting, %",5.9
2018M10,Vísitölugildi,669.6
2018M10,"Mánaðarbreyting, %",0.4
2018M10,"Ársbreyting, %",6.2
2018M11,Vísitölugildi,670.6
2018M11,"Mánaðarbreyting, %",0.1
2018M11,"Ársbreyting, %",6.2
2018M12,Vísitölugildi,670.7
2018M12,"Mánaðarbreyting, %",0
2018M12,"Ársbreyting, %",6
2019M01,Vísitölugildi,672.6
2019M01,"Mánaðarbreyting, %",0.3
2019M01,"Ársbreyting, %",5.8
2019M02,Vísitölugildi,674
2019M02,"Mánaðarbreyting, %",0.2
2019M02,"Ársbreyting, %",5.6
2019M03,Vísitölugildi,675.3
2019M03,"Mánaðarbreyting, %",0.2
2019M03,"Ársbreyting, %",5.5
2019M04,Vísitölugildi,685.4
2019M04,"Mánaðarbreyting, %",1.5
2019M04,"Ársbreyting, %",6.8
2019M05,Vísitölugildi,690
2019M05,"Mánaðarbreyting, %",0.7
2019M05,"Ársbreyting, %",5.1
2019M06,Vísitölugildi,689.3
2019M06,"Mánaðarbreyting, %",-0.1
2019M06,"Ársbreyting, %",4.3
2019M07,Vísitölugildi,691.3
2019M07,"Mánaðarbreyting, %",0.3
2019M07,"Ársbreyting, %",4.2
2019M08,Vísitölugildi,691.5
2019M08,"Mánaðarbreyting, %",0
2019M08,"Ársbreyting, %",4.3
2019M09,Vísitölugildi,695.2
2019M09,"Mánaðarbreyting, %",0.5
2019M09,"Ársbreyting, %",4.2
2019M10,Vísitölugildi,697.6
2019M10,"Mánaðarbreyting, %",0.4
2019M10,"Ársbreyting, %",4.2
2019M11,Vísitölugildi,698.7
2019M11,"Mánaðarbreyting, %",0.2
2019M11,"Ársbreyting, %",4.2
2019M12,Vísitölugildi,700.7
2019M12,"Mánaðarbreyting, %",0.3
2019M12,"Ársbreyting, %",4.5
2020M01,Vísitölugildi,705.6
2020M01,"Mánaðarbreyting, %",0.7
2020M01,"Ársbreyting, %",4.9
2020M02,Vísitölugildi,706.6
2020M02,"Mánaðarbreyting, %",0.1
2020M02,"Ársbreyting, %",4.8
2020M03,Vísitölugildi,708.7
2020M03,"Mánaðarbreyting, %",0.3
2020M03,"Ársbreyting, %",4.9
2020M04,Vísitölugildi,732.1
2020M04,"Mánaðarbreyting, %",3.3
2020M04,"Ársbreyting, %",6.8
2020M05,Vísitölugildi,734.5
2020M05,"Mánaðarbreyting, %",0.3
2020M05,"Ársbreyting, %",6.4
2020M06,Vísitölugildi,735.7
2020M06,"Mánaðarbreyting, %",0.2
2020M06,"Ársbreyting, %",6.7
2020M07,Vísitölugildi,734.6
2020M07,"Mánaðarbreyting, %",-0.1
2020M07,"Ársbreyting, %",6.3
2020M08,Vísitölugildi,736.1
2020M08,"Mánaðarbreyting, %",0.2
2020M08,"Ársbreyting, %",6.4
2020M09,Vísitölugildi,742
2020M09,"Mánaðarbreyting, %",0.8
2020M09,"Ársbreyting, %",6.7
2020M10,Vísitölugildi,747.1
2020M10,"Mánaðarbreyting, %",0.7
2020M10,"Ársbreyting, %",7.1
2020M11,Vísitölugildi,749.7
2020M11,"Mánaðarbreyting, %",0.4
2020M11,"Ársbreyting, %",7.3
2020M12,Vísitölugildi,751.2
2020M12,"Mánaðarbreyting, %",0.2
2020M12,"Ársbreyting, %",7.2
2021M01,Vísitölugildi,778.6
2021M01,"Mánaðarbreyting, %",3.7
2021M01,"Ársbreyting, %",10.3
2021M02,Vísitölugildi,781.2
2021M02,"Mánaðarbreyting, %",0.3
2021M02,"Ársbreyting, %",10.6
2021M03,Vísitölugildi,783.9
2021M03,"Mánaðarbreyting, %",0.4
2021M03,"Ársbreyting, %",10.6
2021M04,Vísitölugildi,786.2
2021M04,"Mánaðarbreyting, %",0.3
2021M04,"Ársbreyting, %",7.4
2021M05,Vísitölugildi,789.3
2021M05,"Mánaðarbreyting, %",0.4
2021M05,"Ársbreyting, %",7.5
2021M06,Vísitölugildi,792.7
2021M06,"Mánaðarbreyting, %",0.4
2021M06,"Ársbreyting, %",7.7
2021M07,Vísitölugildi,791.6
2021M07,"Mánaðarbreyting, %",-0.1
2021M07,"Ársbreyting, %",7.8
2021M08,Vísitölugildi,793.9
2021M08,"Mánaðarbreyting, %",0.3
2021M08,"Ársbreyting, %",7.9
2021M09,Vísitölugildi,799.5
2021M09,"Mánaðarbreyting, %",0.7
2021M09,"Ársbreyting, %",7.7
2021M10,Vísitölugildi,803.8
2021M10,"Mánaðarbreyting, %",0.5
2021M10,"Ársbreyting, %",7.6
2021M11,Vísitölugildi,805.9
2021M11,"Mánaðarbreyting, %",0.3
2021M11,"Ársbreyting, %",7.5
2021M12,Vísitölugildi,806
2021M12,"Mánaðarbreyting, %",0
2021M12,"Ársbreyting, %",7.3
2022M01,Vísitölugildi,835.4
2022M01,"Mánaðarbreyting, %",3.7
2022M01,"Ársbreyting, %",7.3
2022M02,Vísitölugildi,838
2022M02,"Mánaðarbreyting, %",0.3
2022M02,"Ársbreyting, %",7.3
2022M03,Vísitölugildi,839.7
2022M03,"Mánaðarbreyting, %",0.2
2022M03,"Ársbreyting, %",7.1
2022M04,Vísitölugildi,853
2022M04,"Mánaðarbreyting, %",1.6
2022M04,"Ársbreyting, %",8.5
2022M05,Vísitölugildi,856.8
2022M05,"Mánaðarbreyting, %",0.4
2022M05,"Ársbreyting, %",8.6
2022M06,Vísitölugildi,856.7
2022M06,"Mánaðarbreyting, %",0
2022M06,"Ársbreyting, %",8.1
2022M07,Vísitölugildi,855.8
2022M07,"Mánaðarbreyting, %",-0.1
2022M07,"Ársbreyting, %",8.1
2022M08,Vísitölugildi,857.5
2022M08,"Mánaðarbreyting, %",0.2
2022M08,"Ársbreyting, %",8
2022M09,Vísitölugildi,864.5
2022M09,"Mánaðarbreyting, %",0.8
2022M09,"Ársbreyting, %",8.1
2022M10,Vísitölugildi,867.4
2022M10,"Mánaðarbreyting, %",0.3
2022M10,"Ársbreyting, %",7.9
2022M11,Vísitölugildi,870.5
2022M11,"Mánaðarbreyting, %",0.4
2022M11,"Ársbreyting, %",8
2022M12,Vísitölugildi,905.6
2022M12,"Mánaðarbreyting, %",4
2022M12,"Ársbreyting, %",12.4
2023M01,Vísitölugildi,907
2023M01,"Mánaðarbreyting, %",0.2
2023M01,"Ársbreyting, %",8.6
2023M02,Vísitölugildi,910.8
2023M02,"Mánaðarbreyting, %",0.4
2023M02,"Ársbreyting, %",8.7
2023M03,Vísitölugildi,919.3
2023M03,"Mánaðarbreyting, %",0.9
2023M03,"Ársbreyting, %",9.5
2023M04,Vísitölugildi,933.9
2023M04,"Mánaðarbreyting, %",1.6
2023M04,"Ársbreyting, %",9.5
2023M05,Vísitölugildi,939.1
2023M05,"Mánaðarbreyting, %",0.6
2023M05,"Ársbreyting, %",9.6
2023M06,Vísitölugildi,949.7
2023M06,"Mánaðarbreyting, %",1.1
2023M06,"Ársbreyting, %",10.9
2023M07,Vísitölugildi,947.2
2023M07,"Mánaðarbreyting, %",-0.3
2023M07,"Ársbreyting, %",10.7
2023M08,Vísitölugildi,950
2023M08,"Mánaðarbreyting, %",0.3
2023M08,"Ársbreyting, %",10.8
2023M09,Vísitölugildi,958.5
2023M09,"Mánaðarbreyting, %",0.9
2023M09,"Ársbreyting, %",10.9
2023M10,Vísitölugildi,962.1
2023M10,"Mánaðarbreyting, %",0.4
2023M10,"Ársbreyting, %",10.9
2023M11,Vísitölugildi,964.5
2023M11,"Mánaðarbreyting, %",0.3
2023M11,"Ársbreyting, %",10.8
2023M12,Vísitölugildi,966.3
2023M12,"Mánaðarbreyting, %",0.2
2023M12,"Ársbreyting, %",6.7
2024M01,Vísitölugildi,970.8
2024M01,"Mánaðarbreyting, %",0.5
2024M01,"Ársbreyting, %",7
2024M02,Vísitölugildi,972.4
2024M02,"Mánaðarbreyting, %",0.2
2024M02,"Ársbreyting, %",6.8
2024M03,Vísitölugildi,995.6
2024M03,"Mánaðarbreyting, %",2.4
2024M03,"Ársbreyting, %",8.3
2024M04,Vísitölugildi,1000.2
2024M04,"Mánaðarbreyting, %",0.5
2024M04,"Ársbreyting, %",7.1
2024M05,Vísitölugildi,1002
2024M05,"Mánaðarbreyting, %",0.2
2024M05,"Ársbreyting, %",6.7
2024M06,Vísitölugildi,1006.7
2024M06,"Mánaðarbreyting, %",0.5
2024M06,"Ársbreyting, %",6
2024M07,Vísitölugildi,1009.2
2024M07,"Mánaðarbreyting, %",0.2
2024M07,"Ársbreyting, %",6.5
2024M08,Vísitölugildi,1010
2024M08,"Mánaðarbreyting, %",0.1
2024M08,"Ársbreyting, %",6.3
2024M09,Vísitölugildi,1017.1
2024M09,"Mánaðarbreyting, %",0.7
2024M09,"Ársbreyting, %",6.1
2024M10,Vísitölugildi,1020
2024M10,"Mánaðarbreyting, %",0.3
2024M10,"Ársbreyting, %",6
2024M11,Vísitölugildi,1023.2
2024M11,"Mánaðarbreyting, %",0.3
2024M11,"Ársbreyting, %",6.1
2024M12,Vísitölugildi,1027.8
2024M12,"Mánaðarbreyting, %",0.4
2024M12,"Ársbreyting, %",6.4
2025M01,Vísitölugildi,1059.4
2025M01,"Mánaðarbreyting, %",3.1
2025M01,"Ársbreyting, %",9.1
2025M02,Vísitölugildi,1059.9
2025M02,"Mánaðarbreyting, %",0
2025M02,"Ársbreyting, %",9
2025M03,Vísitölugildi,1063.9
2025M03,"Mánaðarbreyting, %",0.4
2025M03,"Ársbreyting, %",6.9
2025M04,Vísitölugildi,1082.6
2025M04,"Mánaðarbreyting, %",1.8
2025M04,"Ársbreyting, %",8.2
2025M05,Vísitölugildi,1084.6
2025M05,"Mánaðarbreyting, %",0.2
2025M05,"Ársbreyting, %",8.3
2025M06,Vísitölugildi,1088.8
2025M06,"Mánaðarbreyting, %",0.4
2025M06,"Ársbreyting, %",8.2
2025M07,Vísitölugildi,1086.3
2025M07,"Mánaðarbreyting, %",-0.2
2025M07,"Ársbreyting, %",7.6
2025M08,Vísitölugildi,1087.7
2025M08,"Mánaðarbreyting, %",0.1
2025M08,"Ársbreyting, %",7.7
2025M09,Vísitölugildi,1096.4
2025M09,"Mánaðarbreyting, %",0.8
2025M09,"Ársbreyting, %",7.8
2025M10,Vísitölugildi,1098.1
2025M10,"Mánaðarbreyting, %",0.2
2025M10,"Ársbreyting, %",7.7
2025M11,Vísitölugildi,1100
2025M11,"Mánaðarbreyting, %",0.2
2025M11,"Ársbreyting, %",7.5
2025M12,Vísitölugildi,1100.1
2025M12,"Mánaðarbreyting, %",0
2025M12,"Ársbreyting, %",7
2026M01,Vísitölugildi,1137.3
2026M01,"Mánaðarbreyting, %",3.4
2026M01,"Ársbreyting, %",7.4
2026M02,Vísitölugildi,1136.5
2026M02,"Mánaðarbreyting, %",-0.1
2026M02,"Ársbreyting, %",7.2
2026M03,Vísitölugildi,1135.9
2026M03,"Mánaðarbreyting, %",-0.1
2026M03,"Ársbreyting, %",6.8
2026M04,Vísitölugildi,1152.3
2026M04,"Mánaðarbreyting, %",1.5
2026M04,"Ársbreyting, %",6.4
2026M05,Vísitölugildi,1149.1
2026M05,"Mánaðarbreyting, %",-0.3
2026M05,"Ársbreyting, %",5.9
2026M06,Vísitölugildi,1151.4
2026M06,"Mánaðarbreyting, %",0.2
2026M06,"Ársbreyting, %",5.8
2026M07,Vísitölugildi,1148.5
2026M07,"Mánaðarbreyting, %",-0.3
2026M07,"Ársbreyting, %",5.7
