felag_lykill,motadili,motadili_heiti,tegund,adalsamningur,erft_fra,fjoldi_haekkana,fyrsta,sidasta,samfelld_fra,samfelld_ar,samfelld_punktar,eldri_eydur,visitala_samfellu_lok,heilleiki
nafn:afl,sa,Samtök atvinnulífsins,samtok,1,SGS,28,2004-04-19,2027-01-01,2011-05-05,16,24,1,180.74,samfelld
nafn:afl,fy-alcoa-fjardaals,Alcoa Fjarðaáls,fyrirtaeki,0,,4,2016-03-01,2019-03-01,2016-03-01,3,4,0,110.86,samfelld
nafn:afl,smabatar,Landssamband smábátaeigenda,samtok,0,,4,2019-04-01,2022-01-01,2019-04-01,3,4,0,122.87,samfelld
nafn:afl,sveitarfelog,Samband íslenskra sveitarfélaga,sveitarfelag,0,,4,2008-12-01,2017-06-01,2015-05-01,2,3,1,108.13,eyður
nafn:afl starfsgreinafélag,sa,Samtök atvinnulífsins,samtok,1,SGS,33,2004-03-01,2027-01-01,2004-03-01,23,33,0,217.31,samfelld
nafn:afl starfsgreinafélag,fy-alcoa-fjardaals,Alcoa Fjarðaáls,fyrirtaeki,0,,9,2007-01-01,2028-03-01,2025-09-15,3,5,1,115.08,samfelld
nafn:afl starfsgreinafélag,riki,Ríkið,riki,0,,9,2005-01-01,2016-06-01,2015-05-01,1,2,1,105.5,of fáir punktar
nafn:afl starfsgreinafélag,smabatar,Landssamband smábátaeigenda,samtok,0,,8,2015-05-01,2027-01-01,2024-02-01,3,4,1,100.0,samfelld
nafn:afl starfsgreinafélag,sveitarfelog,Samband íslenskra sveitarfélaga,sveitarfelag,0,,8,2015-05-01,2023-01-01,2020-01-01,3,5,1,100.0,samfelld
nafn:afl starfsgreinafélag,sfs,Samtök fyrirtækja í sjávarútvegi,samtok,0,,5,2004-10-30,2008-01-01,2004-10-30,4,5,0,112.82,samfelld
nafn:afl starfsgreinafélag,fy-launanefnd-thjodkirkjunnar,Launanefnd Þjóðkirkjunnar,fyrirtaeki,0,,4,2006-01-01,2008-12-01,2006-01-01,2,4,0,106.09,eyður
nafn:aldan,sa,Samtök atvinnulífsins,samtok,1,SGS,29,1995-06-09,2027-01-01,2011-05-05,16,24,2,180.74,samfelld
nafn:aldan,fy-steinull,Steinull,fyrirtaeki,0,,1,2024-04-01,2024-04-01,2024-04-01,0,1,0,100.0,of fáir punktar
nafn:alþýðusamband íslands,sa,Samtök atvinnulífsins,samtok,1,,8,1990-02-01,1999-01-01,1998-01-01,1,2,2,104.0,of fáir punktar
nafn:alþýðusambands íslands verkamannasambands íslands samiðnar rafiðnaðarsambands íslands,fy-landsvirkjun,Landsvirkjun,fyrirtaeki,1,,2,2000-05-01,2001-01-01,2000-05-01,1,2,0,103.0,of fáir punktar
nafn:arkitektafélag íslands,reykjavikurborg,Reykjavíkurborg,sveitarfelag,1,,2,2011-06-01,2023-04-01,2023-04-01,0,1,1,100.0,of fáir punktar
nafn:así,sa,Samtök atvinnulífsins,samtok,1,,1,2009-11-01,2009-11-01,2009-11-01,0,1,0,100.0,of fáir punktar
nafn:bakarasveinafélags íslands félags framreiðslumanna félags íslenskra kjötiðnaðarmanna og félags matreiðslumanna,sa,Samtök atvinnulífsins,samtok,1,,3,2005-01-01,2007-01-01,2005-01-01,2,3,0,104.81,eyður
nafn:bhm,fy-rarik,RARIK,fyrirtaeki,1,,6,2008-05-01,2012-05-15,2011-12-01,1,3,1,105.06,eyður
nafn:bhm,riki,Ríkið,riki,0,,2,2007-01-01,2008-01-01,2007-01-01,1,2,0,102.0,of fáir punktar
nafn:bifreiðastjórafélagið sleipnir,sa,Samtök atvinnulífsins,samtok,1,,19,2002-01-01,2027-01-01,2024-02-01,3,4,3,110.87,samfelld
nafn:blaðamannafélag íslands,sa,Samtök atvinnulífsins,samtok,1,,12,2015-05-01,2027-01-01,2027-01-01,0,1,2,100.0,of fáir punktar
nafn:blaðamannafélag íslands,fy-birtings,Birtings,fyrirtaeki,0,,2,2019-12-01,2022-11-01,2022-11-01,0,1,1,100.0,of fáir punktar
nafn:blaðamannafélag íslands,fy-baendasamtok-islands,Bændasamtök Íslands,fyrirtaeki,0,,1,2027-01-01,2027-01-01,2027-01-01,0,1,0,100.0,of fáir punktar
nafn:bsrb,riki,Ríkið,riki,1,,7,1990-02-01,2010-06-01,2009-11-01,1,2,1,100.0,of fáir punktar
nafn:byggiðn,fy-samband-byggingamanna,Samband byggingamanna,fyrirtaeki,1,,2,1983-09-01,1984-02-21,1983-09-01,1,2,0,105.0,of fáir punktar
nafn:byggiðn,fy-hyrna,Hyrna,fyrirtaeki,0,,2,1989-01-01,1999-01-01,1999-01-01,0,1,1,100.0,of fáir punktar
nafn:byggiðn,sa,Samtök atvinnulífsins,samtok,0,,1,1983-09-01,1983-09-01,1983-09-01,0,1,0,100.0,of fáir punktar
nafn:báran,sa,Samtök atvinnulífsins,samtok,1,SGS,28,2004-04-19,2027-01-01,2011-05-05,16,24,1,180.74,samfelld
nafn:báran,fy-kumbaravogur,Kumbaravogur,fyrirtaeki,0,,3,2015-05-01,2017-06-01,2015-05-01,2,3,0,108.14,eyður
nafn:báran,fy-solheimar,Sólheimar,fyrirtaeki,0,,1,2015-05-01,2015-05-01,2015-05-01,0,1,0,100.0,of fáir punktar
nafn:dagsbrún,sa,Samtök atvinnulífsins,samtok,1,,2,1998-01-01,1999-01-01,1998-01-01,1,2,0,104.0,of fáir punktar
nafn:dagsbrún,riki,Ríkið,riki,0,,1,1996-01-01,1996-01-01,1996-01-01,0,1,0,100.0,of fáir punktar
nafn:drífandi stéttarfélag verkalýðsfélag þórshafnar,sa,Samtök atvinnulífsins,samtok,1,SGS,28,2004-04-19,2027-01-01,2011-05-05,16,24,1,180.74,samfelld
nafn:drífandi stéttarfélag verkalýðsfélag þórshafnar,fy-vinnslustodin,Vinnslustöðin,fyrirtaeki,0,,2,2020-04-01,2021-01-01,2020-04-01,1,2,0,102.5,of fáir punktar
nafn:dýralæknafélag íslands,sveitarfelog,Samband íslenskra sveitarfélaga,sveitarfelag,1,,7,2021-01-01,2027-04-01,2023-03-31,4,6,1,120.2,samfelld
nafn:dýralæknafélag íslands,riki,Ríkið,riki,0,,1,2022-01-01,2022-01-01,2022-01-01,0,1,0,100.0,of fáir punktar
nafn:efling,sa,Samtök atvinnulífsins,samtok,1,SGS,41,1984-06-01,2027-01-01,2009-03-01,18,26,4,191.27,samfelld
nafn:efling,reykjavikurborg,Reykjavíkurborg,sveitarfelag,0,,12,2000-01-01,2027-04-01,2019-04-01,8,9,2,120.2,samfelld
nafn:efling,fy-memmm-play,Memmm Play,fyrirtaeki,0,,5,2025-09-15,2028-03-01,2025-09-15,3,5,0,115.09,samfelld
nafn:efling,riki,Ríkið,riki,0,,5,2015-05-01,2022-01-01,2019-04-01,3,4,1,100.0,samfelld
nafn:efling,sfv,Samtök fyrirtækja í velferðarþjónustu,samtok,0,,5,2009-11-01,2021-01-01,2019-04-01,2,3,1,100.0,eyður
nafn:efling,sveitarfelog,Samband íslenskra sveitarfélaga,sveitarfelag,0,,5,2006-01-01,2026-04-01,2024-04-01,2,3,2,107.12,eyður
nafn:efling,fy-faxafloahafnir,Faxaflóahafnir,fyrirtaeki,0,,4,2024-05-01,2027-05-01,2024-05-01,3,4,0,110.87,samfelld
nafn:efling,fy-samtok-sjalfstaedra-skola,Samtök sjálfstæðra skóla,fyrirtaeki,0,,3,2023-04-01,2025-04-01,2023-04-01,2,3,0,107.0,eyður
nafn:efling,fy-waldorfsleikskoli-solstafa,Waldorfsleikskóli Sólstafa,fyrirtaeki,0,,2,2024-04-01,2025-04-01,2024-04-01,1,2,0,103.5,of fáir punktar
nafn:efling,fy-orkuveita-reykjavikur,Orkuveita Reykjavíkur,fyrirtaeki,0,,1,2022-11-01,2022-11-01,2022-11-01,0,1,0,100.0,of fáir punktar
nafn:efling verkalýðsfélagið boðinn verkalýðs- og sjómannafélag bolungarvíkur verkalýðsfélagið vaka verkalýðsfélag raufarhafnar,sa,Samtök atvinnulífsins,samtok,1,,1,2004-06-20,2004-06-20,2004-06-20,0,1,0,100.0,of fáir punktar
nafn:eining-iðja,sa,Samtök atvinnulífsins,samtok,1,SGS,34,1997-03-09,2027-01-01,2011-05-05,16,24,3,180.74,samfelld
nafn:eining-iðja,fy-isfelag-vestmannaeyja,Ísfélag Vestmannaeyja,fyrirtaeki,0,,4,2000-06-01,2004-01-01,2002-01-01,2,3,1,101.0,eyður
nafn:eining-iðja,fy-nordurorka,Nordurorka,fyrirtaeki,0,,3,2006-01-01,2007-02-01,2006-01-01,1,3,0,103.73,eyður
nafn:eining-iðja,fy-tdk-foil-iceland,TDK Foil Iceland,fyrirtaeki,0,,3,2010-01-01,2023-01-01,2023-01-01,0,1,2,100.0,of fáir punktar
nafn:eining-iðja,fy-flutningamidstodvar-nordurlands,Flutningamiðstöðvar Norðurlands,fyrirtaeki,0,,2,1998-01-01,1999-01-01,1998-01-01,1,2,0,103.65,of fáir punktar
nafn:eining-iðja,riki,Ríkið,riki,0,,2,1989-04-30,1989-07-01,1989-04-30,0,2,0,100.5,of fáir punktar
nafn:flugfreyjufélag íslands,sa,Samtök atvinnulífsins,samtok,1,,13,1999-05-01,2021-10-01,2021-10-01,0,1,5,100.0,of fáir punktar
nafn:flugfreyjufélag íslands,fy-flugfelag-islands,Flugfélag Íslands,fyrirtaeki,0,,6,2011-10-01,2021-02-01,2021-02-01,0,1,3,100.0,of fáir punktar
nafn:flugfreyjufélag íslands,fy-icelandair,Icelandair,fyrirtaeki,0,,3,2015-09-01,2016-06-08,2015-09-01,1,3,0,110.98,eyður
nafn:flugvirkjafélag íslands,fy-icelandair,Icelandair,fyrirtaeki,1,,4,2014-07-01,2017-08-31,2014-07-01,3,4,0,109.27,samfelld
nafn:flugvirkjafélag íslands,fy-blafugls,Bláfugls,fyrirtaeki,0,,8,2011-06-01,2020-02-01,2019-02-01,1,2,2,104.0,of fáir punktar
nafn:flugvirkjafélag íslands,riki,Ríkið,riki,0,,4,2024-04-01,2027-04-01,2024-04-01,3,4,0,110.87,samfelld
nafn:flugvirkjafélag íslands,fy-gmt,GMT,fyrirtaeki,0,,3,2023-01-01,2024-01-01,2023-01-01,1,3,0,112.36,eyður
nafn:flugvirkjafélag íslands,fy-samgongustofa,Samgöngustofa,fyrirtaeki,0,,3,2021-01-01,2023-01-01,2021-01-01,2,3,0,100.0,eyður
nafn:flugvirkjafélag íslands,fy-flugfelag-islands,Flugfélag Íslands,fyrirtaeki,0,,2,2018-04-09,2019-01-01,2018-04-09,1,2,0,104.5,of fáir punktar
nafn:foss stéttarfélag í almannaþjónustu,fy-solvellir,Sólvellir,fyrirtaeki,1,,3,2024-04-01,2026-01-01,2024-04-01,2,3,0,107.12,eyður
nafn:framsýn,sa,Samtök atvinnulífsins,samtok,1,SGS,28,2004-04-19,2027-01-01,2011-05-05,16,24,1,180.74,samfelld
nafn:framsýn,sveitarfelog,Samband íslenskra sveitarfélaga,sveitarfelag,0,,4,2011-06-01,2026-04-01,2024-04-01,2,3,1,107.12,eyður
nafn:framsýn,fy-landsvirkjun,Landsvirkjun,fyrirtaeki,0,,3,2020-01-01,2021-01-01,2020-01-01,1,3,0,100.0,eyður
nafn:framsýn,riki,Ríkið,riki,0,,3,2011-06-01,2013-03-01,2011-06-01,2,3,0,106.86,eyður
nafn:framsýn,smabatar,Landssamband smábátaeigenda,samtok,0,,2,2012-02-01,2013-02-01,2012-02-01,1,2,0,100.0,of fáir punktar
nafn:framsýn,fy-securitas,Securitas,fyrirtaeki,0,,1,2011-05-05,2011-05-05,2011-05-05,0,1,0,100.0,of fáir punktar
nafn:frf iþf þf fín,sfv,Samtök fyrirtækja í velferðarþjónustu,samtok,1,,4,2024-04-01,2027-04-01,2024-04-01,3,4,0,110.87,samfelld
nafn:félag byggingariðnaðarmanna árnessýslu,fy-null,null,fyrirtaeki,1,,1,1987-10-01,1987-10-01,1987-10-01,0,1,0,100.0,of fáir punktar
nafn:félag bókagerðarmanna,fy-samband-islenskra-auglysingastofa,Samband íslenskra Auglýsingastofa (SIA),fyrirtaeki,1,,1,2010-06-01,2010-06-01,2010-06-01,0,1,0,100.0,of fáir punktar
nafn:félag flugmálastarfsmanna,riki,Ríkið,riki,1,,12,2005-03-01,2022-01-01,2019-04-01,3,4,2,100.0,samfelld
nafn:félag flugmálastarfsmanna,fy-isavia,Isavia,fyrirtaeki,0,,14,2014-04-01,2027-01-01,2027-01-01,0,1,2,100.0,of fáir punktar
nafn:félag flugmálastarfsmanna,sa,Samtök atvinnulífsins,samtok,0,,4,2022-11-01,2027-01-01,2027-01-01,0,1,1,100.0,of fáir punktar
nafn:félag flugmálastarfsmanna,fy-icelandair,Icelandair,fyrirtaeki,0,,1,2016-01-01,2016-01-01,2016-01-01,0,1,0,100.0,of fáir punktar
nafn:félag framhaldsskólakennara,fy-taekniskolinn,Tækniskólinn,fyrirtaeki,1,,1,2025-08-01,2025-08-01,2025-08-01,0,1,0,100.0,of fáir punktar
nafn:félag fréttamanna,fy-rikisutvarpid,Ríkisútvarpið,fyrirtaeki,1,,14,2009-03-01,2027-01-01,2027-01-01,0,1,3,100.0,of fáir punktar
nafn:félag geislafræðinga,riki,Ríkið,riki,1,,8,2019-04-01,2027-04-01,2024-04-01,3,4,1,110.87,samfelld
nafn:félag grunnskólakennara,sveitarfelog,Samband íslenskra sveitarfélaga,sveitarfelag,1,,1,2021-01-01,2021-01-01,2021-01-01,0,1,0,100.0,of fáir punktar
nafn:félag hársnyrtisveina,sa,Samtök atvinnulífsins,samtok,1,,4,2019-04-01,2022-01-01,2019-04-01,3,4,0,100.0,samfelld
nafn:félag háskólakennara,riki,Ríkið,riki,1,,9,2019-04-01,2027-04-01,2024-04-01,3,4,1,110.87,samfelld
nafn:félag háskólamenntaðra starfsmanna stjórnarráðsins,riki,Ríkið,riki,1,,8,2019-04-01,2027-04-01,2024-04-01,3,4,1,110.87,samfelld
nafn:félag iðn- og tæknigreina,sa,Samtök atvinnulífsins,samtok,1,,12,2004-04-26,2021-01-01,2017-02-01,4,6,2,107.63,samfelld
nafn:félag iðn- og tæknigreina,fy-islenska-jarnblendifelagid-rio-tinto,Íslenska járnblendifélagið / Rio Tinto,fyrirtaeki,0,,3,2004-12-01,2007-01-01,2004-12-01,3,3,0,105.57,samfelld
nafn:félag iðn- og tæknigreina,fy-sementsverksmidjan,Sementsverksmiðjan,fyrirtaeki,0,,2,2009-02-01,2009-08-01,2009-02-01,0,2,0,103.25,of fáir punktar
nafn:félag iðn- og tæknigreina,fy-verne-global,Verne Global,fyrirtaeki,0,,2,2017-01-01,2018-05-01,2017-01-01,1,2,0,104.5,of fáir punktar
nafn:félag iðn- og tæknigreina,riki,Ríkið,riki,0,,2,2002-01-01,2003-01-01,2002-01-01,1,2,0,103.0,of fáir punktar
nafn:félag iðn- og tæknigreina,fy-elkem-island,Elkem Ísland,fyrirtaeki,0,,1,2013-02-01,2013-02-01,2013-02-01,0,1,0,100.0,of fáir punktar
nafn:félag iðn- og tæknigreina,fy-felag-radgjafarverkfraedinga,Félag ráðgjafarverkfræðinga,fyrirtaeki,0,,1,2017-01-01,2017-01-01,2017-01-01,0,1,0,100.0,of fáir punktar
nafn:félag járniðnaðarmanna félag byggingariðnaðarmanna,fy-kerfodrun,Kerfóðrun,fyrirtaeki,1,,3,2001-01-01,2003-01-01,2001-01-01,2,3,0,106.09,eyður
nafn:félag kennara og stjórnenda í tónlistarskólum,sveitarfelog,Samband íslenskra sveitarfélaga,sveitarfelag,1,,2,2021-01-01,2022-01-01,2021-01-01,1,2,0,102.5,of fáir punktar
nafn:félag leikskólakennara,sveitarfelog,Samband íslenskra sveitarfélaga,sveitarfelag,1,,2,2021-01-01,2022-01-01,2021-01-01,1,2,0,102.5,of fáir punktar
nafn:félag leikstjóra á íslandi,riki,Ríkið,riki,1,,4,2024-04-01,2027-04-01,2024-04-01,3,4,0,110.87,samfelld
nafn:félag leikstjóra á íslandi,sa,Samtök atvinnulífsins,samtok,0,,3,2020-01-01,2021-01-01,2020-01-01,1,3,0,100.0,eyður
nafn:félag lífeindafræðinga,riki,Ríkið,riki,1,,8,2019-04-01,2027-04-01,2024-04-01,3,4,1,110.87,samfelld
nafn:félag matreiðslumanna,sa,Samtök atvinnulífsins,samtok,1,,4,1976-07-01,1983-01-01,1983-01-01,0,1,1,100.0,of fáir punktar
nafn:félag prófessora við ríkisháskóla,riki,Ríkið,riki,1,,6,2019-04-01,2027-04-01,2024-04-01,3,4,1,110.87,samfelld
nafn:félag rafiðnaðarmanna,sa,Samtök atvinnulífsins,samtok,1,,2,2011-06-01,2012-02-01,2011-06-01,1,2,0,103.5,of fáir punktar
nafn:félag sjúkraþjálfara,riki,Ríkið,riki,1,,5,2022-01-01,2027-04-01,2024-04-01,3,4,1,110.87,samfelld
nafn:félag sjúkraþjálfara,reykjavikurborg,Reykjavíkurborg,sveitarfelag,0,,7,2019-04-01,2027-04-01,2024-04-01,3,4,1,110.88,samfelld
nafn:félag sjúkraþjálfara,sfv,Samtök fyrirtækja í velferðarþjónustu,samtok,0,,4,2024-04-01,2027-04-01,2024-04-01,3,4,0,110.87,samfelld
nafn:félag skipstjórnarmanna,riki,Ríkið,riki,1,,7,2011-12-13,2025-04-01,2025-04-01,0,1,2,100.0,of fáir punktar
nafn:félag skipstjórnarmanna,sveitarfelog,Samband íslenskra sveitarfélaga,sveitarfelag,0,,8,2015-11-01,2026-04-01,2024-04-01,2,3,1,107.13,eyður
nafn:félag skipstjórnarmanna,fy-bjorgun,Björgun,fyrirtaeki,0,,6,2024-02-01,2028-01-01,2024-02-01,4,6,0,114.3,samfelld
nafn:félag skipstjórnarmanna,fy-faxafloahafnir,Faxaflóahafnir,fyrirtaeki,0,,6,2011-06-01,2027-01-01,2024-02-01,3,4,1,110.87,samfelld
nafn:félag skipstjórnarmanna,sa,Samtök atvinnulífsins,samtok,0,,2,2022-11-01,2027-01-01,2027-01-01,0,1,1,100.0,of fáir punktar
nafn:félag skipstjórnarmanna,sfs,Samtök fyrirtækja í sjávarútvegi,samtok,0,,1,2024-02-01,2024-02-01,2024-02-01,0,1,0,100.0,of fáir punktar
nafn:félag skipstjórnarmanna skipstjóra- og stýrimannafélagið verðandi skipstjóra- og stýrimannafélagið vísir,sfs,Samtök fyrirtækja í sjávarútvegi,samtok,1,,1,2024-02-01,2024-02-01,2024-02-01,0,1,0,100.0,of fáir punktar
nafn:félag starfsmanna stjórnarráðsins,riki,Ríkið,riki,1,,4,2019-04-01,2022-01-01,2019-04-01,3,4,0,100.0,samfelld
nafn:félag tanntækna og aðstoðarfólks tannlækna,fy-tannlaeknafelag-islands,Tannlæknafélag Íslands,fyrirtaeki,1,,3,2024-04-01,2026-01-01,2024-04-01,2,3,0,107.12,eyður
nafn:félag tæknifólks hjá landsvirkjun,fy-landsnet,Landsnet,fyrirtaeki,1,,6,2006-01-01,2013-02-01,2011-06-01,2,3,1,106.86,eyður
nafn:félag tækniteiknara,fy-felag-radgjafarverkfraedinga,Félag ráðgjafarverkfræðinga,fyrirtaeki,1,,1,2012-01-01,2012-01-01,2012-01-01,0,1,0,100.0,of fáir punktar
nafn:félag íslenskra atvinnuflugmanna,fy-landhelgisgaesla-islands,Landhelgisgæsla Íslands,fyrirtaeki,1,,2,2018-02-10,2023-04-01,2023-04-01,0,1,1,100.0,of fáir punktar
nafn:félag íslenskra flugumferðarstjóra,riki,Ríkið,riki,1,,15,2003-01-01,2013-04-01,2003-01-01,10,15,0,166.41,samfelld
nafn:félag íslenskra flugumferðarstjóra,sa,Samtök atvinnulífsins,samtok,0,,8,2011-06-01,2023-01-01,2022-01-01,1,3,2,102.0,eyður
nafn:félag íslenskra flugumferðarstjóra,fy-isavia,Isavia,fyrirtaeki,0,,5,2010-04-15,2023-01-01,2022-01-01,1,2,2,101.01,of fáir punktar
nafn:félag íslenskra flugumferðarstjóra,fy-air-atlanta-icelandic,Air Atlanta Icelandic,fyrirtaeki,0,,1,2017-02-01,2017-02-01,2017-02-01,0,1,0,100.0,of fáir punktar
nafn:félag íslenskra hjúkrunarfræðinga,riki,Ríkið,riki,1,,8,2019-04-01,2027-04-01,2024-04-01,3,4,1,110.87,samfelld
nafn:félag íslenskra hjúkrunarfræðinga,reykjavikurborg,Reykjavíkurborg,sveitarfelag,0,,10,2019-04-01,2027-04-01,2023-04-01,4,5,1,114.48,samfelld
nafn:félag íslenskra hjúkrunarfræðinga,sfv,Samtök fyrirtækja í velferðarþjónustu,samtok,0,,9,2015-05-01,2027-04-01,2024-04-01,3,4,2,110.87,samfelld
nafn:félag íslenskra hjúkrunarfræðinga,sveitarfelog,Samband íslenskra sveitarfélaga,sveitarfelag,0,,5,2023-04-01,2026-04-01,2023-04-01,3,5,0,121.66,samfelld
nafn:félag íslenskra hljómlistarmanna,sveitarfelog,Samband íslenskra sveitarfélaga,sveitarfelag,1,,6,2022-01-01,2027-04-01,2024-04-01,3,5,1,114.62,samfelld
nafn:félag íslenskra hljómlistarmanna,sa,Samtök atvinnulífsins,samtok,0,,1,2003-11-01,2003-11-01,2003-11-01,0,1,0,100.0,of fáir punktar
nafn:félag íslenskra listamanna í sviðlistum og kvikmyndum,fy-icelandair-group,Icelandair Group,fyrirtaeki,1,,1,2022-11-01,2022-11-01,2022-11-01,0,1,0,100.0,of fáir punktar
nafn:félag íslenskra náttúrufræðinga,riki,Óþekktur mótaðili,riki,1,,10,2001-12-31,2027-04-01,2024-04-01,3,4,3,110.87,samfelld
nafn:félag íslenskra náttúrufræðinga,reykjavikurborg,Reykjavíkurborg,sveitarfelag,0,,9,2019-04-01,2027-04-01,2019-04-01,8,9,0,120.2,samfelld
nafn:félag íslenskra náttúrufræðinga,sveitarfelog,Samband íslenskra sveitarfélaga,sveitarfelag,0,,7,2021-01-01,2027-04-01,2023-03-31,4,6,1,120.2,samfelld
nafn:félag íslenskra náttúrufræðinga,fy-radgjafamidstod-landbunadarins,Ráðgjafamiðstöð landbúnaðarins,fyrirtaeki,0,,3,2022-07-01,2024-04-01,2022-07-01,2,3,0,104.34,eyður
nafn:félag íslenskra náttúrufræðinga iðjuþjálfafélag íslands þroskaþjálfafélag íslands,sfv,Samtök fyrirtækja í velferðarþjónustu,samtok,1,,4,2024-04-01,2027-04-01,2024-04-01,3,4,0,110.87,samfelld
nafn:félag íslenskra stórverslunarfélaga,fy-vr,VR,fyrirtaeki,1,,1,2004-05-01,2004-05-01,2004-05-01,0,1,0,100.0,of fáir punktar
nafn:félag íslenskra símamanna,fy-siminn,Síminn,fyrirtaeki,1,,9,2004-12-01,2022-11-01,2019-04-01,3,6,1,106.75,samfelld
nafn:félag íslenskra símamanna,fy-landssima-islands,Landssíma Íslands,fyrirtaeki,0,,3,2002-01-01,2004-01-01,2002-01-01,2,3,0,105.83,eyður
nafn:félag íslenskra símamanna,fy-ja-upplysingaveitna,Já Upplýsingaveitna,fyrirtaeki,0,,1,2014-12-01,2014-12-01,2014-12-01,0,1,0,100.0,of fáir punktar
nafn:félag íslenskra símamanna,fy-sena-og-kvikmyndahusid,Sena og Kvikmyndahúsið,fyrirtaeki,0,,1,2009-02-01,2009-02-01,2009-02-01,0,1,0,100.0,of fáir punktar
nafn:félagsráðgjafafélag íslands,riki,Ríkið,riki,1,,5,2022-01-01,2027-04-01,2024-04-01,3,4,1,110.87,samfelld
nafn:félagsráðgjafafélag íslands,reykjavikurborg,Reykjavíkurborg,sveitarfelag,0,,8,2019-04-01,2027-04-01,2023-04-01,4,5,1,113.55,samfelld
nafn:félagsráðgjafafélag íslands,sfv,Samtök fyrirtækja í velferðarþjónustu,samtok,0,,5,2022-01-01,2027-04-01,2024-04-01,3,4,1,110.87,samfelld
nafn:félagsráðgjafafélag íslands,sveitarfelog,Samband íslenskra sveitarfélaga,sveitarfelag,0,,3,2020-01-01,2023-03-31,2023-03-31,0,1,1,100.0,of fáir punktar
nafn:grafía,sa,Samtök atvinnulífsins,samtok,1,,22,2011-06-01,2027-01-01,2011-06-01,16,22,0,179.72,samfelld
nafn:grafía,fa,Félag atvinnurekenda,samtok,0,,1,2022-11-01,2022-11-01,2022-11-01,0,1,0,100.0,of fáir punktar
nafn:iðjuþjálfafélag íslands,riki,Ríkið,riki,1,,5,2022-01-01,2027-04-01,2024-04-01,3,4,1,110.87,samfelld
nafn:iðjuþjálfafélag íslands,sveitarfelog,Samband íslenskra sveitarfélaga,sveitarfelag,0,,8,2020-01-01,2027-04-01,2023-03-31,4,6,1,120.2,samfelld
nafn:iðjuþjálfafélag íslands,reykjavikurborg,Reykjavíkurborg,sveitarfelag,0,,7,2019-04-01,2027-04-01,2024-04-01,3,4,1,110.88,samfelld
nafn:iðjuþjálfafélag íslands,sfv,Samtök fyrirtækja í velferðarþjónustu,samtok,0,,4,2006-01-01,2008-01-01,2006-01-01,2,4,0,106.9,eyður
nafn:kennarasamband íslands,riki,Ríkið,riki,1,,4,2014-03-01,2023-04-01,2023-04-01,0,1,2,100.0,of fáir punktar
nafn:kennarasamband íslands,fy-verzlunarskoli-islands,Verzlunarskóli Íslands,fyrirtaeki,0,,7,2011-10-01,2025-08-01,2024-11-29,1,2,2,102.0,of fáir punktar
nafn:kennarasamband íslands,fy-taekniskolinn,Tækniskólinn,fyrirtaeki,0,,6,2014-03-01,2016-01-01,2014-03-01,2,6,0,119.52,eyður
nafn:kennarasamband íslands,fy-fjolmennt,Fjölmennt,fyrirtaeki,0,,5,2011-08-11,2025-08-01,2025-02-25,0,2,2,102.0,of fáir punktar
nafn:kennarasamband íslands,sveitarfelog,Samband íslenskra sveitarfélaga,sveitarfelag,0,,4,2011-06-01,2024-11-29,2024-11-29,0,1,3,100.0,of fáir punktar
nafn:kennarasamband íslands,fy-menntaskoli-borgarfjardar,Menntaskóli Borgarfjarðar,fyrirtaeki,0,,3,2014-03-01,2025-08-01,2024-11-29,1,2,1,102.0,of fáir punktar
nafn:kjarafélag viðskiptafræðinga og hagfræðinga,sveitarfelog,Samband íslenskra sveitarfélaga,sveitarfelag,1,,6,2015-09-01,2027-04-01,2023-04-01,4,5,1,114.48,samfelld
nafn:kjarafélag viðskiptafræðinga og hagfræðinga,reykjavikurborg,Reykjavíkurborg,sveitarfelag,0,,8,2011-06-01,2027-04-01,2024-04-01,3,4,2,110.88,samfelld
nafn:kjarafélag viðskiptafræðinga og hagfræðinga,sfv,Samtök fyrirtækja í velferðarþjónustu,samtok,0,,8,2019-04-01,2027-04-01,2024-04-01,3,4,1,110.87,samfelld
nafn:kjarafélag viðskiptafræðinga og hagfræðinga,fy-rikisutvarpid,Ríkisútvarpið,fyrirtaeki,0,,4,2011-07-01,2022-01-01,2020-11-01,2,3,1,100.0,eyður
nafn:kjarafélag viðskiptafræðinga og hagfræðinga,fy-orkuveita-reykjavikur,Orkuveita Reykjavíkur,fyrirtaeki,0,,1,2027-01-01,2027-01-01,2027-01-01,0,1,0,100.0,of fáir punktar
nafn:kjarafélag viðskiptafræðinga og hagfræðinga,riki,Ríkið,riki,0,,1,2022-01-01,2022-01-01,2022-01-01,0,1,0,100.0,of fáir punktar
nafn:kjölur,riki,Ríkið,riki,1,,5,2011-06-01,2022-01-01,2022-01-01,0,1,2,100.0,of fáir punktar
nafn:kjölur,sveitarfelog,Samband íslenskra sveitarfélaga,sveitarfelag,0,,4,2024-04-01,2026-04-01,2024-04-01,2,4,0,115.69,eyður
nafn:kjölur,fy-dvalarheimlid-dalbaer,Dvalarheimlið Dalbær,fyrirtaeki,0,,3,2016-06-01,2023-03-31,2023-03-31,0,1,1,100.0,of fáir punktar
nafn:kjölur,fy-nordurorka,Norðurorka,fyrirtaeki,0,,1,2011-07-15,2011-07-15,2011-07-15,0,1,0,100.0,of fáir punktar
nafn:kjölur,fy-orkubu-vestfjarda,Orkubú Vestfjarða,fyrirtaeki,0,,1,2027-01-01,2027-01-01,2027-01-01,0,1,0,100.0,of fáir punktar
nafn:landssamband lögreglumanna,riki,Ríkið,riki,1,,6,2011-06-01,2021-01-01,2019-04-01,2,3,1,100.0,eyður
nafn:landssamband lögreglumanna,sa,Samtök atvinnulífsins,samtok,0,,1,1989-04-30,1989-04-30,1989-04-30,0,1,0,100.0,of fáir punktar
nafn:landssamband slökkviliðs- og sjúkraflutningamanna,riki,Ríkið,riki,1,,7,2020-04-01,2027-04-01,2024-04-01,3,4,1,110.87,samfelld
nafn:landssamband slökkviliðs- og sjúkraflutningamanna,fy-isavia,Isavia,fyrirtaeki,0,,6,2018-05-01,2027-01-01,2027-01-01,0,1,2,100.0,of fáir punktar
nafn:landssamband slökkviliðs- og sjúkraflutningamanna,sveitarfelog,Samband íslenskra sveitarfélaga,sveitarfelag,0,,6,2020-01-01,2023-09-30,2020-01-01,3,6,0,100.85,samfelld
nafn:landssamband íslenskra verzlunarmanna,sa,Samtök atvinnulífsins,samtok,1,,4,2019-04-01,2022-01-01,2019-04-01,3,4,0,100.0,samfelld
nafn:leikarafélag íslands,riki,Ríkið,riki,1,,9,2019-04-01,2027-04-01,2024-04-01,3,4,1,110.87,samfelld
nafn:leikarafélag íslands,sa,Samtök atvinnulífsins,samtok,0,,9,2008-06-01,2022-11-01,2019-05-23,3,6,1,106.75,samfelld
nafn:leiðsögnin,sa,Samtök atvinnulífsins,samtok,1,,4,2024-02-01,2027-01-01,2024-02-01,3,4,0,110.87,samfelld
nafn:ljósmæðrafélag íslands,riki,Ríkið,riki,1,,5,2022-01-01,2027-04-01,2024-04-01,3,4,1,110.87,samfelld
nafn:lyfjafræðingafélag íslands,riki,Ríkið,riki,1,,4,2019-04-01,2022-01-01,2019-04-01,3,4,0,100.0,samfelld
nafn:læknafélag íslands,riki,Ríkið,riki,1,,10,2002-04-01,2021-01-01,2015-01-01,6,8,1,112.24,samfelld
nafn:lív,sa,Samtök atvinnulífsins,samtok,1,,6,1998-01-01,2027-01-01,2024-02-01,3,4,1,110.87,samfelld
nafn:lív,fa,Félag atvinnurekenda,samtok,0,,4,2024-02-01,2027-01-01,2024-02-01,3,4,0,110.87,samfelld
nafn:matvís,sa,Samtök atvinnulífsins,samtok,1,,15,2005-01-01,2027-01-01,2019-04-01,8,10,2,132.42,samfelld
nafn:matvís,sveitarfelog,Samband íslenskra sveitarfélaga,sveitarfelag,0,,11,2006-01-01,2026-04-01,2024-04-01,2,3,2,107.13,eyður
nafn:matvís,reykjavikurborg,Reykjavíkurborg,sveitarfelag,0,,4,2024-04-01,2027-04-01,2024-04-01,3,4,0,110.87,samfelld
nafn:matvís,fy-landhelgisgaesla-islands,Landhelgisgæsla Íslands,fyrirtaeki,0,,1,2022-01-01,2022-01-01,2022-01-01,0,1,0,100.0,of fáir punktar
nafn:matvís rafiðnaðarsamband íslands félag vélstjóra og málmtæknimanna,sveitarfelog,Samband íslenskra sveitarfélaga,sveitarfelag,1,,3,2024-04-01,2026-04-01,2024-04-01,2,3,0,107.12,eyður
nafn:mjólkurfræðingafélag íslands,sa,Samtök atvinnulífsins,samtok,1,,21,1999-01-01,2022-11-01,2015-05-01,7,11,5,125.77,samfelld
nafn:málarafélag reykjavíkur,sa,Samtök atvinnulífsins,samtok,1,,1,1981-11-01,1981-11-01,1981-11-01,0,1,0,100.0,of fáir punktar
nafn:múrarafélag reykjavíkur,sa,Samtök atvinnulífsins,samtok,1,,8,1987-10-01,2003-01-01,2000-01-01,3,4,3,109.27,samfelld
nafn:múrarafélag reykjavíkur og sveinafélag pípulagningamanna,riki,Ríkið,riki,1,,1,2005-01-01,2005-01-01,2005-01-01,0,1,0,100.0,of fáir punktar
nafn:múrarafélag reykjavíkur sveinafélag pípulagningamanna,riki,Ríkið,riki,1,,2,2002-01-01,2003-01-01,2002-01-01,1,2,0,103.0,of fáir punktar
nafn:múrarasamband íslands,sa,Samtök atvinnulífsins,samtok,1,,10,1985-09-01,2003-01-01,2000-01-01,3,4,2,109.27,samfelld
nafn:prestafélag íslands,fy-thjodkirkjan,Þjóðkirkjan,fyrirtaeki,1,,1,2022-04-01,2022-04-01,2022-04-01,0,1,0,100.0,of fáir punktar
nafn:póstmannafélag íslands,fy-islandspostur,Íslandspóstur,fyrirtaeki,1,,14,2015-05-01,2027-01-01,2015-05-01,12,14,0,152.07,samfelld
nafn:rafiðnaðarsamband íslands,sa,Samtök atvinnulífsins,samtok,1,,2,1996-01-01,2027-01-01,2027-01-01,0,1,1,100.0,of fáir punktar
nafn:rafiðnaðarsamband íslands vm félag vélstjóra og málmtæknimanna,fy-hs-veitur,HS Veitur,fyrirtaeki,1,,3,2024-02-01,2027-01-01,2027-01-01,0,1,1,100.0,of fáir punktar
nafn:rafmagnsveitur,fy-ekki-tilgreint,Ekki tilgreint,fyrirtaeki,1,,3,1984-06-01,1985-01-01,1984-06-01,1,3,0,106.09,eyður
nafn:rsí,sa,Samtök atvinnulífsins,samtok,1,,28,1998-01-01,2027-01-01,2016-01-01,11,16,6,143.86,samfelld
nafn:rsí,fa,Félag atvinnurekenda,samtok,0,,13,2015-05-01,2027-01-01,2024-02-01,3,4,1,110.87,samfelld
nafn:rsí,fy-siminn,Síminn,fyrirtaeki,0,,10,2003-01-01,2018-05-01,2014-12-31,4,4,1,111.08,samfelld
nafn:rsí,reykjavikurborg,Reykjavíkurborg,sveitarfelag,0,,10,2011-06-01,2027-04-01,2019-04-01,8,9,1,120.2,samfelld
nafn:rsí,fy-rarik,RARIK,fyrirtaeki,0,,9,1987-02-01,2018-05-01,2018-05-01,0,1,3,100.0,of fáir punktar
nafn:rsí,fy-advania-island,Advania Ísland,fyrirtaeki,0,,8,2015-03-01,2021-07-01,2021-07-01,0,1,1,100.0,of fáir punktar
nafn:rsí,riki,Ríkið,riki,0,,8,2019-04-01,2027-04-01,2024-04-01,3,4,1,110.87,samfelld
nafn:rsí,fy-alcoa-fjardaals,Alcoa Fjarðaáls,fyrirtaeki,0,,5,2025-09-15,2028-03-01,2025-09-15,3,5,0,115.09,samfelld
nafn:rsí,fy-landsnet,Landsnet,fyrirtaeki,0,,5,2011-10-31,2020-04-01,2020-04-01,0,1,2,100.0,of fáir punktar
nafn:rsí,fy-hs-veitur,HS Veitur,fyrirtaeki,0,,4,2004-01-01,2008-01-01,2006-01-01,2,3,1,104.8,eyður
nafn:rsí,fy-nordurorka,Norðurorka,fyrirtaeki,0,,4,2019-07-01,2022-01-01,2019-07-01,3,4,0,100.0,samfelld
nafn:rsí,fy-ratsjarstofnun,Ratsjárstofnun,fyrirtaeki,0,,4,2003-01-01,2006-01-01,2003-01-01,3,4,0,108.2,samfelld
nafn:rsí,fy-landsvirkjun,Landsvirkjun,fyrirtaeki,0,,3,2006-01-01,2016-05-01,2015-03-01,1,2,1,106.1,of fáir punktar
nafn:rsí,fy-rikisutvarpid,Ríkisútvarpið,fyrirtaeki,0,,3,2006-01-01,2008-11-30,2008-11-30,0,1,1,100.0,of fáir punktar
nafn:rsí,fy-365,365,fyrirtaeki,0,,2,2014-12-31,2015-12-31,2014-12-31,1,2,0,103.2,of fáir punktar
nafn:rsí,fy-islenska-utvarpsfelagid,Íslenska útvarpsfélagið,fyrirtaeki,0,,2,2000-03-01,2001-01-01,2000-03-01,1,2,0,100.0,of fáir punktar
nafn:rsí,fy-leikfelag-reykjavikur,Leikfélag Reykjavíkur,fyrirtaeki,0,,2,2017-05-01,2018-05-01,2017-05-01,1,2,0,103.0,of fáir punktar
nafn:rsí,fy-selfossveitur,Selfossveitur,fyrirtaeki,0,,2,2003-01-01,2004-01-01,2003-01-01,1,2,0,103.0,of fáir punktar
nafn:rsí,fy-365-midla,365 miðla,fyrirtaeki,0,,1,2009-07-01,2009-07-01,2009-07-01,0,1,0,100.0,of fáir punktar
nafn:rsí,fy-baendasamtok-islands,Bændasamtök Íslands,fyrirtaeki,0,,1,2019-04-03,2019-04-03,2019-04-03,0,1,0,100.0,of fáir punktar
nafn:rsí,fy-hs-orka,HS Orka,fyrirtaeki,0,,1,2010-12-31,2010-12-31,2010-12-31,0,1,0,100.0,of fáir punktar
nafn:rsí,fy-kogun,Kögun,fyrirtaeki,0,,1,2009-01-01,2009-01-01,2009-01-01,0,1,0,100.0,of fáir punktar
nafn:rsí,fy-nordural-grundartanga,Norðurál Grundartanga,fyrirtaeki,0,,1,2025-04-01,2025-04-01,2025-04-01,0,1,0,100.0,of fáir punktar
nafn:rsí,fy-sam-felagid,Sam-félagið,fyrirtaeki,0,,1,2009-02-01,2009-02-01,2009-02-01,0,1,0,100.0,of fáir punktar
nafn:rsí,fy-skyrr,Skýrr,fyrirtaeki,0,,1,2014-02-01,2014-02-01,2014-02-01,0,1,0,100.0,of fáir punktar
nafn:rsí,fy-sveitarfelagid-arborg,Sveitarfélagið Árborg,fyrirtaeki,0,,1,2014-08-01,2014-08-01,2014-08-01,0,1,0,100.0,of fáir punktar
nafn:rsí,sveitarfelog,Samband íslenskra sveitarfélaga,sveitarfelag,0,,1,2023-03-31,2023-03-31,2023-03-31,0,1,0,100.0,of fáir punktar
nafn:rsí samiðnar,sa,Samtök atvinnulífsins,samtok,1,,2,1995-06-09,1996-01-01,1995-06-09,1,2,0,103.0,of fáir punktar
nafn:samband garðyrkjubænda,fy-samidn,Samiðn,fyrirtaeki,1,,4,2016-04-30,2018-05-01,2016-04-30,2,4,0,108.21,eyður
nafn:samband stjórnendafélaga,riki,Ríkið,riki,1,,7,2020-04-01,2027-04-01,2024-04-01,3,4,1,110.87,samfelld
nafn:samband stjórnendafélaga,sveitarfelog,Samband íslenskra sveitarfélaga,sveitarfelag,0,,9,2020-01-01,2026-04-01,2020-01-01,6,9,0,111.54,samfelld
nafn:samband stjórnendafélaga,sa,Samtök atvinnulífsins,samtok,0,,7,2019-04-01,2027-01-01,2024-02-01,3,4,1,110.88,samfelld
nafn:samband stjórnendafélaga,reykjavikurborg,Reykjavíkurborg,sveitarfelag,0,,5,2023-04-01,2027-04-01,2023-04-01,4,5,0,114.48,samfelld
nafn:samband stjórnendafélaga,fy-orkuveita-reykjavikur,Orkuveita Reykjavíkur,fyrirtaeki,0,,4,2024-02-01,2027-01-01,2024-02-01,3,4,0,110.87,samfelld
nafn:sameyki,riki,Ríkið,riki,1,,15,1986-06-01,2027-04-01,2019-04-01,8,10,2,128.31,samfelld
nafn:sameyki,sa,Samtök atvinnulífsins,samtok,0,,12,2014-02-01,2027-01-01,2027-01-01,0,1,3,100.0,of fáir punktar
nafn:sameyki,reykjavikurborg,Reykjavíkurborg,sveitarfelag,0,,11,2015-05-01,2023-04-01,2015-05-01,8,11,0,130.76,samfelld
nafn:sameyki,fy-frihofnin,Fríhöfnin,fyrirtaeki,0,,8,2016-01-01,2027-01-01,2027-01-01,0,1,3,100.0,of fáir punktar
nafn:sameyki,fy-isavia,Isavia,fyrirtaeki,0,,8,2020-01-01,2027-01-01,2024-02-01,3,4,1,110.88,samfelld
nafn:sameyki,sfv,Samtök fyrirtækja í velferðarþjónustu,samtok,0,,7,2011-06-01,2022-01-01,2019-04-01,3,4,1,100.0,samfelld
nafn:sameyki,fy-rikisutvarpid,Ríkisútvarpið,fyrirtaeki,0,,6,2020-01-01,2027-02-01,2025-02-01,2,3,2,107.12,eyður
nafn:sameyki,fy-rarik,RARIK,fyrirtaeki,0,,5,2017-05-01,2027-01-01,2027-01-01,0,1,2,100.0,of fáir punktar
nafn:sameyki,fy-faxafloahafnir,Faxaflóahafnir,fyrirtaeki,0,,4,2024-02-01,2027-01-01,2024-02-01,3,4,0,110.87,samfelld
nafn:sameyki,fy-orkuveita-reykjavikur,Orkuveita Reykjavíkur,fyrirtaeki,0,,4,2024-02-01,2027-01-01,2024-02-01,3,4,0,110.87,samfelld
nafn:sameyki,sveitarfelog,Samband íslenskra sveitarfélaga,sveitarfelag,0,,4,2015-05-01,2020-01-01,2020-01-01,0,1,1,100.0,of fáir punktar
nafn:sameyki,fy-skalatun,Skálatún,fyrirtaeki,0,,2,2017-06-01,2018-06-01,2017-06-01,1,2,0,102.0,of fáir punktar
nafn:sameyki,fy-as-styrktarfelag,Ás styrktarfélag,fyrirtaeki,0,,1,2019-04-01,2019-04-01,2019-04-01,0,1,0,100.0,of fáir punktar
nafn:sameyki,fy-felagsbustadir,Félagsbústaðir,fyrirtaeki,0,,1,2023-01-01,2023-01-01,2023-01-01,0,1,0,100.0,of fáir punktar
nafn:sameyki,fy-straeto,Strætó,fyrirtaeki,0,,1,2023-01-01,2023-01-01,2023-01-01,0,1,0,100.0,of fáir punktar
nafn:samflot bæjarstarfsmannafélag,sveitarfelog,Samband íslenskra sveitarfélaga,sveitarfelag,1,,3,2015-05-01,2017-06-01,2015-05-01,2,3,0,108.14,eyður
nafn:samiðn,sa,Samtök atvinnulífsins,samtok,1,,36,1997-03-18,2027-01-01,2024-02-01,3,4,3,110.87,samfelld
nafn:samiðn,bgs,Bílgreinasambandið,samtok,0,,20,2004-05-01,2022-11-01,2014-01-01,8,13,2,137.43,samfelld
nafn:samiðn,sveitarfelog,Samband íslenskra sveitarfélaga,sveitarfelag,0,,19,2002-01-01,2027-04-01,2024-04-01,3,4,3,110.88,samfelld
nafn:samiðn,reykjavikurborg,Reykjavíkurborg,sveitarfelag,0,,14,2005-01-01,2027-04-01,2023-04-01,4,5,4,114.48,samfelld
nafn:samiðn,riki,Ríkið,riki,0,,11,1997-03-01,2022-01-01,2019-04-01,3,4,2,101.02,samfelld
nafn:samiðn,fy-landsvirkjun,Landsvirkjun,fyrirtaeki,0,,10,2000-05-01,2022-11-01,2022-11-01,0,1,6,100.0,of fáir punktar
nafn:samiðn,fy-straeto,Strætó,fyrirtaeki,0,,7,2008-01-01,2027-04-01,2023-04-01,4,5,2,114.48,samfelld
nafn:samiðn,fy-kirkjugardar-reykjavikurprofastsdaema,Kirkjugarðar Reykjavíkurprófastsdæma,fyrirtaeki,0,,6,2008-04-01,2027-04-01,2023-04-01,4,5,1,114.47,samfelld
nafn:samiðn,fy-samband-gardyrkjubaenda,Samband garðyrkjubænda,fyrirtaeki,0,,5,2007-01-01,2022-11-01,2022-11-01,0,1,2,100.0,of fáir punktar
nafn:samiðn,fy-felag-pipulagningameistara,Félag pípulagningameistara,fyrirtaeki,0,,3,2016-05-01,2018-05-01,2016-05-01,2,3,0,105.06,eyður
nafn:samiðn,fy-orkuveita-reykjavikur,Orkuveita Reykjavíkur,fyrirtaeki,0,,3,2015-05-01,2016-05-01,2015-05-01,1,3,0,111.94,eyður
nafn:samiðn,fy-orkuveitur-reykjavikur,Orkuveitur Reykjavíkur,fyrirtaeki,0,,2,2004-01-01,2006-06-30,2006-06-30,0,1,1,100.0,of fáir punktar
nafn:samtök starfsmanna fjármálafyrirtækja,sa,Samtök atvinnulífsins,samtok,1,,59,1977-02-01,2027-01-01,1998-01-01,29,40,5,278.63,samfelld
nafn:sfr,fy-as-styrktarfelag,Ás styrktarfélag,fyrirtaeki,1,,1,2015-05-01,2015-05-01,2015-05-01,0,1,0,100.0,of fáir punktar
nafn:sgs,sa,Samtök atvinnulífsins,samtok,1,,28,2004-04-19,2027-01-01,2011-05-05,16,24,1,180.74,samfelld
nafn:sgs,riki,Ríkið,riki,0,,14,2009-07-01,2027-04-01,2019-04-01,8,9,2,125.86,samfelld
nafn:sgs,sveitarfelog,Samband íslenskra sveitarfélaga,sveitarfelag,0,,7,2015-05-01,2026-05-01,2024-04-01,2,4,1,107.12,eyður
nafn:sgs,smabatar,Landssamband smábátaeigenda,samtok,0,,4,2024-02-01,2027-01-01,2024-02-01,3,4,0,100.0,samfelld
nafn:sjómannafélag reykjavíkur,sa,Samtök atvinnulífsins,samtok,1,,5,1974-12-01,1985-03-01,1985-03-01,0,1,2,100.0,of fáir punktar
nafn:sjómannafélag reykjavíkur,sfs,Samtök fyrirtækja í sjávarútvegi,samtok,0,,2,1985-03-01,1985-05-01,1985-03-01,0,2,0,102.48,of fáir punktar
nafn:sjómannafélag íslands,riki,Ríkið,riki,1,,4,2019-04-01,2022-01-01,2019-04-01,3,4,0,100.0,samfelld
nafn:sjómannafélagið jötunn,fy-herjolfs,Herjólfs,fyrirtaeki,1,,1,2022-11-01,2022-11-01,2022-11-01,0,1,0,100.0,of fáir punktar
nafn:sjómannafélagið íslands,sa,Samtök atvinnulífsins,samtok,1,,4,2024-02-01,2027-01-01,2024-02-01,3,4,0,110.87,samfelld
nafn:sjómannafélagið íslands,riki,Ríkið,riki,0,,4,2019-04-01,2022-01-01,2019-04-01,3,4,0,100.0,samfelld
nafn:sjómannafélagið íslands,fy-bjorgun,Björgun,fyrirtaeki,0,,2,2025-04-08,2028-01-01,2028-01-01,0,1,1,100.0,of fáir punktar
nafn:sjómannasamband íslands,sfs,Samtök fyrirtækja í sjávarútvegi,samtok,1,,7,1984-04-01,2007-01-01,2005-01-01,2,3,1,105.83,eyður
nafn:sjúkraliðafélag íslands,riki,Ríkið,riki,1,,8,2019-04-01,2027-04-01,2024-04-01,3,4,1,110.87,samfelld
nafn:sjúkraliðafélag íslands,reykjavikurborg,Reykjavíkurborg,sveitarfelag,0,,4,2019-04-01,2023-04-01,2023-04-01,0,1,1,100.0,of fáir punktar
nafn:sjúkraliðafélag íslands,sfv,Samtök fyrirtækja í velferðarþjónustu,samtok,0,,4,2019-04-01,2022-01-01,2019-04-01,3,4,0,100.0,samfelld
nafn:sjúkraliðafélag íslands,sveitarfelog,Samband íslenskra sveitarfélaga,sveitarfelag,0,,3,2015-05-01,2017-06-01,2015-05-01,2,3,0,109.72,eyður
nafn:skerpa,sa,Samtök atvinnulífsins,samtok,1,,5,2017-05-01,2027-01-01,2024-02-01,3,4,1,110.88,samfelld
nafn:skerpa,fy-landsvirkjun,Landsvirkjun,fyrirtaeki,0,,3,2015-01-01,2018-05-01,2018-05-01,0,1,1,100.0,of fáir punktar
nafn:skurðlæknafélag íslands,riki,Ríkið,riki,1,,10,2014-06-01,2021-01-01,2014-06-01,7,10,0,108.19,samfelld
nafn:sns,sveitarfelog,Samband íslenskra sveitarfélaga,sveitarfelag,1,,3,2015-05-01,2017-06-01,2015-05-01,2,3,0,108.14,eyður
nafn:starfsmannafélag garðabæjar,riki,Ríkið,riki,1,,12,2005-03-01,2022-01-01,2019-04-01,3,4,3,100.0,samfelld
nafn:starfsmannafélag garðabæjar,sveitarfelog,Samband íslenskra sveitarfélaga,sveitarfelag,0,,3,2015-05-01,2017-06-01,2015-05-01,2,3,0,108.14,eyður
nafn:starfsmannafélag hafnarfjarðar,sveitarfelog,Samband íslenskra sveitarfélaga,sveitarfelag,1,,4,2015-05-01,2023-03-31,2023-03-31,0,1,1,100.0,of fáir punktar
nafn:starfsmannafélag kópavogs,sveitarfelog,Samband íslenskra sveitarfélaga,sveitarfelag,1,,6,2015-05-01,2026-04-01,2024-04-01,2,3,1,107.12,eyður
nafn:starfsmannafélag kópavogs,riki,Ríkið,riki,0,,1,2013-03-01,2013-03-01,2013-03-01,0,1,0,100.0,of fáir punktar
nafn:starfsmannafélag mosfellsbæjar,sveitarfelog,Samband íslenskra sveitarfélaga,sveitarfelag,1,,3,2015-05-01,2017-06-01,2015-05-01,2,3,0,108.14,eyður
nafn:starfsmannafélag reykjavíkurborgar,fy-faxafloahafnir,Faxaflóahafnir,fyrirtaeki,1,,3,2011-06-01,2014-02-01,2014-02-01,0,1,1,100.0,of fáir punktar
nafn:starfsmannafélag ríkisútvarpsins,fy-rikisutvarpid,Ríkisútvarpið,fyrirtaeki,1,,5,2014-12-31,2018-05-01,2014-12-31,4,5,0,114.44,samfelld
nafn:starfsmannafélag suðurnesja,riki,Ríkið,riki,1,,6,2005-03-01,2008-01-01,2005-03-01,3,6,0,111.33,samfelld
nafn:starfsmannafélag suðurnesja,sa,Samtök atvinnulífsins,samtok,0,,4,2019-04-01,2022-01-01,2019-04-01,3,4,0,100.0,samfelld
nafn:stéttarfélag lögfræðinga,riki,Ríkið,riki,1,,4,2024-04-01,2027-04-01,2024-04-01,3,4,0,110.87,samfelld
nafn:stéttarfélag lögfræðinga,sveitarfelog,Samband íslenskra sveitarfélaga,sveitarfelag,0,,8,2020-01-01,2027-04-01,2020-01-01,7,8,0,124.25,samfelld
nafn:stéttarfélag lögfræðinga,reykjavikurborg,Reykjavíkurborg,sveitarfelag,0,,5,2011-06-01,2022-01-01,2019-04-01,3,4,1,100.0,samfelld
nafn:stéttarfélag starfsmanna reykjavíkurborgar,reykjavikurborg,Reykjavíkurborg,sveitarfelag,1,,3,2015-05-01,2017-06-01,2015-05-01,2,3,0,112.36,eyður
nafn:stéttarfélag starfsmanna reykjavíkurborgar,sveitarfelog,Samband íslenskra sveitarfélaga,sveitarfelag,0,,1,2015-05-01,2015-05-01,2015-05-01,0,1,0,100.0,of fáir punktar
nafn:stéttarfélag tölvunarfræðinga,riki,Ríkið,riki,1,,4,2019-04-01,2022-01-01,2019-04-01,3,4,0,100.0,samfelld
nafn:stéttarfélag tölvunarfræðinga,reykjavikurborg,Reykjavíkurborg,sveitarfelag,0,,10,2019-04-01,2027-04-01,2019-04-01,8,10,0,120.2,samfelld
nafn:stéttarfélag verkfræðinga,riki,Ríkið,riki,1,,2,2007-01-01,2008-01-01,2007-01-01,1,2,0,102.0,of fáir punktar
nafn:sveinafélag pípulagningamanna,sa,Samtök atvinnulífsins,samtok,1,,10,1997-06-30,2007-01-01,2001-04-01,6,7,1,118.25,samfelld
nafn:sveinafélag pípulagningamanna,sveitarfelog,Samband íslenskra sveitarfélaga,sveitarfelag,0,,3,2000-12-01,2002-01-01,2000-12-01,2,3,0,106.09,eyður
nafn:sálfræðingafélag íslands,sveitarfelog,Samband íslenskra sveitarfélaga,sveitarfelag,1,,8,2020-01-01,2027-04-01,2023-03-31,4,6,1,120.2,samfelld
nafn:sálfræðingafélag íslands,reykjavikurborg,Reykjavíkurborg,sveitarfelag,0,,8,2011-06-01,2027-04-01,2024-04-01,3,4,2,110.87,samfelld
nafn:sálfræðingafélag íslands,riki,Ríkið,riki,0,,1,2022-01-01,2022-01-01,2022-01-01,0,1,0,100.0,of fáir punktar
nafn:sókn,riki,Ríkið,riki,1,,3,1989-07-01,1989-11-01,1989-07-01,0,3,0,100.0,eyður
nafn:tollvarðafélag íslands,riki,Ríkið,riki,1,,14,2002-01-01,2027-04-01,2024-04-01,3,4,3,110.88,samfelld
nafn:trésmiðafélag reykjavíkur,riki,Ríkið,riki,1,,4,1990-02-01,1991-06-01,1990-02-01,1,4,0,106.64,eyður
nafn:veggfóðrarafélag reykjavíkur sveinafélag pípulagningamanna,sa,Samtök atvinnulífsins,samtok,1,,1,1987-10-01,1987-10-01,1987-10-01,0,1,0,100.0,of fáir punktar
nafn:verkalýðs- og sjómannafélag fáskrúðsfjarðar,sa,Samtök atvinnulífsins,samtok,1,SGS,32,1996-01-01,2027-01-01,2011-05-05,16,24,2,180.74,samfelld
nafn:verkalýðs- og sjómannafélag fáskrúðsfjarðar,sveitarfelog,Samband íslenskra sveitarfélaga,sveitarfelag,0,,3,1998-01-01,2000-01-01,1998-01-01,2,3,0,107.8,eyður
nafn:verkalýðsfélag akraness,sa,Samtök atvinnulífsins,samtok,1,SGS,29,2004-04-19,2027-01-01,2010-01-01,17,25,1,186.61,samfelld
nafn:verkalýðsfélag akraness,fy-faxafloahafnir,Faxaflóahafnir,fyrirtaeki,0,,3,2024-05-01,2026-05-01,2024-05-01,2,3,0,103.5,eyður
nafn:verkalýðsfélag akraness,fy-brims,Brims,fyrirtaeki,0,,1,2019-11-01,2019-11-01,2019-11-01,0,1,0,100.0,of fáir punktar
nafn:verkalýðsfélag akraness,fy-nordural-grundartanga,Norðurál Grundartanga,fyrirtaeki,0,,1,2025-04-01,2025-04-01,2025-04-01,0,1,0,100.0,of fáir punktar
nafn:verkalýðsfélag fljótsdalshéraðs,sa,Samtök atvinnulífsins,samtok,1,SGS,28,2004-04-19,2027-01-01,2011-05-05,16,24,1,180.74,samfelld
nafn:verkalýðsfélag fljótsdalshéraðs,riki,Ríkið,riki,0,,1,1989-06-01,1989-06-01,1989-06-01,0,1,0,100.0,of fáir punktar
nafn:verkalýðsfélag grindavíkur,sa,Samtök atvinnulífsins,samtok,1,SGS,28,2004-04-19,2027-01-01,2011-05-05,16,24,1,180.74,samfelld
nafn:verkalýðsfélag vestfirðinga,sa,Samtök atvinnulífsins,samtok,1,SGS,28,2004-04-19,2027-01-01,2011-05-05,16,24,1,180.74,samfelld
nafn:verkalýðsfélag vestfirðinga,sveitarfelog,Samband íslenskra sveitarfélaga,sveitarfelag,0,,8,2020-01-01,2026-04-01,2020-01-01,6,8,0,110.6,samfelld
nafn:verkalýðsfélag vestfjarðinga,sa,Samtök atvinnulífsins,samtok,1,SGS,28,2004-04-19,2027-01-01,2011-05-05,16,24,1,180.74,samfelld
nafn:verkalýðsfélagið hlíf,sa,Samtök atvinnulífsins,samtok,1,SGS,36,1986-12-01,2027-01-01,2011-05-05,16,27,3,212.84,samfelld
nafn:verkalýðsfélagið hlíf,sveitarfelog,Samband íslenskra sveitarfélaga,sveitarfelag,0,,10,2007-01-01,2023-01-01,2020-01-01,3,5,1,100.0,samfelld
nafn:verkalýðsfélagið hlíf,fy-hafnarfjardarbaer,Hafnarfjarðarbær,fyrirtaeki,0,,4,1998-01-01,2002-12-01,2002-12-01,0,1,1,100.0,of fáir punktar
nafn:verkalýðsfélagið hlíf,fy-kerfodrun,Kerfodrun,fyrirtaeki,0,,3,2006-01-01,2020-03-01,2020-01-01,0,2,1,106.11,of fáir punktar
nafn:verkalýðsfélagið hlíf,riki,Ríkið,riki,0,,3,2001-01-01,2003-01-01,2001-01-01,2,3,0,105.83,eyður
nafn:verkalýðsfélagið hlíf,sfv,Samtök fyrirtækja í velferðarþjónustu,samtok,0,,3,2019-04-01,2021-01-01,2019-04-01,2,3,0,100.0,eyður
nafn:verkalýðsfélagið hlíf,fy-aburdarverksmidjan,Áburðarverksmiðjan,fyrirtaeki,0,,1,1997-04-01,1997-04-01,1997-04-01,0,1,0,100.0,of fáir punktar
nafn:verkalýðsfélagið hlíf,fy-hrafnistu-hafnarfirdi,Hrafnistu Hafnarfirði,fyrirtaeki,0,,1,2003-01-01,2003-01-01,2003-01-01,0,1,0,100.0,of fáir punktar
nafn:verkalýðsfélagið hlíf,fy-islenska-alfelagid,Íslenska álfélagið,fyrirtaeki,0,,1,1999-01-01,1999-01-01,1999-01-01,0,1,0,100.0,of fáir punktar
nafn:verkalýðsfélagið hlíf efling,fy-gamathjonustan,Gámaþjónustan,fyrirtaeki,1,,2,2002-01-01,2003-01-01,2002-01-01,1,2,0,103.8,of fáir punktar
nafn:verkalýðsfélagið hlíf samiðnar,sveitarfelog,Samband íslenskra sveitarfélaga,sveitarfelag,1,,4,2002-01-01,2005-01-01,2002-01-01,3,4,0,109.27,samfelld
nafn:verkalýðsfélög,fy-islenska-alfelagid,Íslenska álfélagið,fyrirtaeki,1,,3,2001-01-01,2003-01-01,2001-01-01,2,3,0,106.09,eyður
nafn:verkamannafélagið fram,fy-steinullarverksmidjan,Steinullarverksmiðjan,fyrirtaeki,1,,1,1996-01-01,1996-01-01,1996-01-01,0,1,0,100.0,of fáir punktar
nafn:verkfræðingafélag íslands,sveitarfelog,Samband íslenskra sveitarfélaga,sveitarfelag,1,,6,2021-01-01,2026-04-01,2023-04-01,3,5,1,121.67,samfelld
nafn:verkfræðingafélag íslands,fy-orkuveitur-reykjavikur,Orkuveitur Reykjavíkur,fyrirtaeki,0,,2,2009-03-01,2019-04-01,2019-04-01,0,1,1,100.0,of fáir punktar
nafn:verkfræðingafélag íslands,reykjavikurborg,Reykjavíkurborg,sveitarfelag,0,,1,2023-04-01,2023-04-01,2023-04-01,0,1,0,100.0,of fáir punktar
nafn:verkfræðingafélag íslands félag íslenskra náttúrufræðinga viska kjarafélag viðskiptafræðinga og hagfræðinga,riki,Ríkið,riki,1,,5,2019-04-01,2022-01-01,2019-04-01,3,5,0,100.75,samfelld
nafn:verkfræðingafélag íslands félag íslenskra náttúrufræðinga viska kjarafélag viðskiptafræðinga og hagfræðinga,reykjavikurborg,Reykjavíkurborg,sveitarfelag,0,,5,2019-04-01,2023-04-01,2019-04-01,4,5,0,105.0,samfelld
nafn:verkfræðingafélag íslands félag íslenskra náttúrufræðinga viska kjarafélag viðskiptafræðinga og hagfræðinga,sveitarfelog,Samband íslenskra sveitarfélaga,sveitarfelag,0,,5,2023-04-01,2027-04-01,2023-04-01,4,5,0,114.48,samfelld
nafn:verkfræðingafélag íslands félag íslenskra náttúrufræðinga viska kjarafélag viðskiptafræðinga og hagfræðinga,fy-felag-radgjafarverkfraedinga,Félag ráðgjafarverkfræðinga,fyrirtaeki,0,,1,2023-01-01,2023-01-01,2023-01-01,0,1,0,100.0,of fáir punktar
nafn:verkfræðingafélag íslands félag íslenskra náttúrufræðinga viska kjarafélag viðskiptafræðinga og hagfræðinga,fy-orkuveita-reykjavikur,Orkuveita Reykjavíkur,fyrirtaeki,0,,1,2027-01-01,2027-01-01,2027-01-01,0,1,0,100.0,of fáir punktar
nafn:verkfræðingafélag íslands kjaradeildar byggingafræðingafélags íslands stéttarfélag tölvunarfræðinga,fy-felag-radgjafarverkfraedinga,Félag ráðgjafarverkfræðinga,fyrirtaeki,1,,2,2026-01-01,2027-01-01,2026-01-01,1,2,0,103.5,of fáir punktar
nafn:verslunarmannafélag reykjavíkur,sa,Samtök atvinnulífsins,samtok,1,,6,1995-02-21,2008-01-01,2004-04-16,4,5,1,110.38,samfelld
nafn:viska,riki,Ríkið,riki,1,,8,2019-04-01,2027-04-01,2024-04-01,3,4,1,110.87,samfelld
nafn:viska,sveitarfelog,Samband íslenskra sveitarfélaga,sveitarfelag,0,,6,2014-03-01,2027-04-01,2023-04-01,4,5,1,114.48,samfelld
nafn:viska,sfv,Samtök fyrirtækja í velferðarþjónustu,samtok,0,,4,2019-04-01,2022-01-01,2019-04-01,3,4,0,100.0,samfelld
nafn:viska,fy-thjodkirkjan,Þjóðkirkjan,fyrirtaeki,0,,3,2016-06-01,2018-06-01,2016-06-01,2,3,0,108.16,eyður
nafn:viska,reykjavikurborg,Reykjavíkurborg,sveitarfelag,0,,3,2019-04-01,2021-01-01,2019-04-01,2,3,0,100.0,eyður
nafn:viðkomandi verkalýðsfélög,sa,Samtök atvinnulífsins,samtok,1,,3,1997-04-01,1999-01-01,1997-04-01,2,3,0,108.16,eyður
nafn:vm,sa,Samtök atvinnulífsins,samtok,1,,24,1983-01-01,2028-01-01,2019-04-01,9,11,5,129.13,samfelld
nafn:vm,sveitarfelog,Samband íslenskra sveitarfélaga,sveitarfelag,0,,12,2002-01-01,2026-04-01,2024-03-31,2,4,1,110.6,eyður
nafn:vm,riki,Ríkið,riki,0,,8,1989-11-01,2020-04-01,2019-04-01,1,2,3,100.0,of fáir punktar
nafn:vm,fy-orkubu-vestfjarda,Orkubú Vestfjarða,fyrirtaeki,0,,5,2004-12-01,2022-01-01,2019-01-01,3,4,1,100.0,samfelld
nafn:vm,fy-nordurorka,Norðurorka,fyrirtaeki,0,,4,2019-07-01,2022-01-01,2019-07-01,3,4,0,100.0,samfelld
nafn:vm,reykjavikurborg,Reykjavíkurborg,sveitarfelag,0,,4,2024-04-01,2027-04-01,2024-04-01,3,4,0,110.87,samfelld
nafn:vm,fy-bjorgun,Björgun,fyrirtaeki,0,,3,2019-04-01,2021-01-01,2019-04-01,2,3,0,100.0,eyður
nafn:vm,fy-aburdarverksmidja-rikisins-og-sementsverksmidja-,Áburðarverksmiðja ríkisins og Sementsverksmiðja ríkisins,fyrirtaeki,0,,2,1984-02-21,1984-06-01,1984-02-21,0,2,0,103.0,of fáir punktar
nafn:vm,fy-landsvirkjun,Landsvirkjun,fyrirtaeki,0,,2,2011-01-01,2012-01-01,2011-01-01,1,2,0,102.5,of fáir punktar
nafn:vm,sfs,Samtök fyrirtækja í sjávarútvegi,samtok,0,,2,2007-01-01,2019-05-01,2019-05-01,0,1,1,100.0,of fáir punktar
nafn:vm,fy-landsnet,Landsnet,fyrirtaeki,0,,1,2011-07-31,2011-07-31,2011-07-31,0,1,0,100.0,of fáir punktar
nafn:vm,fy-orkuveita-reykjavikur,Orkuveita Reykjavíkur,fyrirtaeki,0,,1,2008-06-04,2008-06-04,2008-06-04,0,1,0,100.0,of fáir punktar
nafn:vm,fy-sorpa,SORPA,fyrirtaeki,0,,1,2027-01-01,2027-01-01,2027-01-01,0,1,0,100.0,of fáir punktar
nafn:vr,sa,Samtök atvinnulífsins,samtok,1,,34,1988-06-01,2027-01-01,2013-02-01,14,23,5,188.01,samfelld
nafn:vr,fa,Félag atvinnurekenda,samtok,0,,19,2007-01-01,2027-01-01,2022-01-01,5,6,3,122.2,samfelld
nafn:vr,fy-nordural-grundartanga,Norðurál Grundartanga,fyrirtaeki,0,,2,2015-04-01,2025-04-01,2025-04-01,0,1,1,100.0,of fáir punktar
nafn:vr,fy-kirkjugardar-reykjavikurprofastsdaema,Kirkjugarðar Reykjavíkurprófastsdæma,fyrirtaeki,0,,1,2002-01-01,2002-01-01,2002-01-01,0,1,0,100.0,of fáir punktar
nafn:vélstjórafélag suðurnesja,sa,Samtök atvinnulífsins,samtok,1,,3,1987-03-01,1987-10-01,1987-03-01,0,3,0,103.02,eyður
nafn:vélstjórafélag íslands,fy-orkubu-vestfjarda,Orkubú Vestfjarða,fyrirtaeki,1,,3,2002-01-01,2004-01-01,2002-01-01,2,3,0,105.83,eyður
nafn:þroskaþjálfafélag íslands,riki,Ríkið,riki,1,,8,2019-04-01,2027-04-01,2024-04-01,3,4,1,110.87,samfelld
nafn:þroskaþjálfafélag íslands,reykjavikurborg,Reykjavíkurborg,sveitarfelag,0,,9,2011-06-01,2027-04-01,2023-04-01,4,5,2,114.48,samfelld
nafn:þroskaþjálfafélag íslands,sveitarfelog,Samband íslenskra sveitarfélaga,sveitarfelag,0,,8,2020-01-01,2027-04-01,2023-03-31,4,6,1,120.2,samfelld
nafn:þroskaþjálfafélag íslands,fy-as-styrktarfelag,Ás styrktarfélag,fyrirtaeki,0,,3,2020-04-01,2024-04-01,2024-04-01,0,1,1,100.0,of fáir punktar
nafn:þroskaþjálfafélag íslands,fy-skalatun,Skálatún,fyrirtaeki,0,,2,2020-04-01,2021-01-01,2020-04-01,1,2,0,100.0,of fáir punktar
nafn:þroskaþjálfafélag íslands,sfv,Samtök fyrirtækja í velferðarþjónustu,samtok,0,,2,2015-03-01,2016-06-01,2015-03-01,1,2,0,107.5,of fáir punktar
