felag,fra_dags,til_dags,prosenta,spennt,samraemd,maelingar,rakning,heimild,skjal
AFL Starfsgreinafélag,2011-06-01,2012-02-01,5.67,1.56,0,125,vefur félagsins,afl,afl/Kjarasamningur-AFLs-SA-2011.pdf
AFL Starfsgreinafélag,2011-06-01,2012-03-01,4.02,2.98,0,270,vefur félagsins,afl,afl/SGS_Rikid_2011_kjarasamningur.pdf
AFL Starfsgreinafélag,2012-02-01,2012-03-01,11.15,25.03,0,112,vefur félagsins,afl,afl/kauptaxtar2012.pdf
AFL Starfsgreinafélag,2011-06-01,2012-03-01,3.5,0.03,1,279,vefur félagsins,afl,afl/snsogsgs-kjarasamnings2011.pdf
AFL Starfsgreinafélag,2011-05-01,2012-03-01,3.5,0.0,1,72,vefur félagsins,afl,afl/snsogsgs-kjarasamnings2011.pdf
AFL Starfsgreinafélag,2012-02-01,2013-02-01,5.37,1.4,0,125,vefur félagsins,afl,afl/Kjarasamningur-AFLs-SA-2011.pdf
AFL Starfsgreinafélag,2012-03-01,2013-03-01,3.87,2.84,0,270,vefur félagsins,afl,afl/SGS_Rikid_2011_kjarasamningur.pdf
AFL Starfsgreinafélag,2013-02-01,2013-03-01,10.66,24.75,0,115,vefur félagsins,afl,afl/kauptaxtar_2013.pdf
AFL Starfsgreinafélag,2012-03-01,2013-03-01,5.64,4.18,0,351,vefur félagsins,afl,afl/snsogsgs-kjarasamnings2011.pdf
AFL Starfsgreinafélag,2013-03-01,2014-03-01,3.6,1.86,0,351,vefur félagsins,afl,afl/snsogsgs-kjarasamnings2011.pdf
AFL Starfsgreinafélag,2015-05-01,2016-01-01,6.2,0.34,1,92,vefur félagsins,afl,afl/2015-SAogASA-Kjarasamningur.pdf
AFL Starfsgreinafélag,2016-01-01,2016-06-01,8.44,16.78,0,76,vefur félagsins,afl,afl/Kauptaxtar2016.pdf
AFL Starfsgreinafélag,2016-01-01,2017-05-01,4.5,0.0,1,88,vefur félagsins,afl,afl/2015-SAogASA-Kjarasamningur.pdf
AFL Starfsgreinafélag,2017-05-01,2017-06-01,8.22,19.38,0,88,vefur félagsins,afl,afl/Kauptaxtar2017.pdf
AFL Starfsgreinafélag,2017-05-01,2018-05-01,3.0,0.0,1,84,vefur félagsins,afl,afl/2015-SAogASA-Kjarasamningur.pdf
AFL Starfsgreinafélag,2019-04-01,2020-04-01,6.65,3.06,0,228,vefur félagsins,afl,afl/2022_kjarasamningur-sgs-og-lv.pdf
AFL Starfsgreinafélag,2020-04-01,2021-01-01,6.23,2.7,0,228,vefur félagsins,afl,afl/2022_kjarasamningur-sgs-og-lv.pdf
AFL Starfsgreinafélag,2021-01-01,2022-01-01,6.11,2.5,0,228,vefur félagsins,afl,afl/2022_kjarasamningur-sgs-og-lv.pdf
AFL Starfsgreinafélag,2022-11-01,2023-04-01,14.51,21.78,0,59,vefur félagsins,afl,afl/Kauptaxtar2023.pdf
AFL Starfsgreinafélag,2024-02-01,2025-01-01,5.58,0.0,1,84,vefur félagsins,afl,afl/2024-2028-Heildarkjarasamningur-SGS-SA.pdf
AFL Starfsgreinafélag,2025-01-01,2026-01-01,5.28,0.0,1,84,vefur félagsins,afl,afl/2024-2028-Heildarkjarasamningur-SGS-SA.pdf
AFL Starfsgreinafélag,2026-01-01,2027-01-01,5.02,0.0,1,84,vefur félagsins,afl,afl/2024-2028-Heildarkjarasamningur-SGS-SA.pdf
Efling,2024-02-01,2025-01-01,5.58,0.0,1,84,vefur félagsins,efling,efling/Kjarasamningur-SA-og-Efling-2024-2028-6fb22519.pdf
Efling,2025-01-01,2026-01-01,5.28,0.0,1,84,vefur félagsins,efling,efling/Kjarasamningur-SA-og-Efling-2024-2028-6fb22519.pdf
Efling,2026-01-01,2027-01-01,5.02,0.0,1,84,vefur félagsins,efling,efling/Kjarasamningur-SA-og-Efling-2024-2028-6fb22519.pdf
Eining-Iðja,2024-02-01,2025-01-01,4.07,2.17,0,220,vefur félagsins,eining-idja,eining-idja/kjarasamningur-kjalar-einingar-idju-og-sa-v.-nordurorku-4.7.2024-lok.pdf
Eining-Iðja,2025-01-01,2026-01-01,3.91,1.87,0,220,vefur félagsins,eining-idja,eining-idja/kjarasamningur-kjalar-einingar-idju-og-sa-v.-nordurorku-4.7.2024-lok.pdf
Eining-Iðja,2026-01-01,2027-01-01,3.63,1.48,0,220,vefur félagsins,eining-idja,eining-idja/kjarasamningur-kjalar-einingar-idju-og-sa-v.-nordurorku-4.7.2024-lok.pdf
Framsýn,2011-01-01,2011-06-01,4.02,2.98,0,270,vefur félagsins,framsyn,framsyn/Samflot-og-SNR-Launatafla_2011-2014.pdf
Framsýn,2011-06-01,2012-02-01,5.67,1.56,0,125,vefur félagsins,framsyn,framsyn/Kjarasamn-20110622-SGS-og-SA.pdf
Framsýn,2011-06-01,2012-03-01,3.5,0.03,1,252,vefur félagsins,framsyn,framsyn/Framsýn-og-Verkalýðsfélag-Þórshafnar_og_SNS_Endanlegur-samningur-010711.pdf
Framsýn,2011-05-01,2012-03-01,3.5,0.0,1,72,vefur félagsins,framsyn,framsyn/Framsýn-og-Verkalýðsfélag-Þórshafnar_og_SNS_Endanlegur-samningur-010711.pdf
Framsýn,2011-06-01,2012-03-01,3.5,0.03,1,549,vefur félagsins,framsyn,framsyn/Framsýn-og-Verkalýðsfélag-Þórshafnar_og_SNS_Endanlegur-samningur-0107111.pdf
Framsýn,2011-06-01,2012-03-01,3.87,2.84,0,270,vefur félagsins,framsyn,framsyn/Samflot-og-SNR-Launatafla_2011-2014.pdf
Framsýn,2012-02-01,2013-02-01,5.37,1.4,0,125,vefur félagsins,framsyn,framsyn/Kjarasamn-20110622-SGS-og-SA.pdf
Framsýn,2012-03-01,2013-03-01,5.78,4.18,0,324,vefur félagsins,framsyn,framsyn/Framsýn-og-Verkalýðsfélag-Þórshafnar_og_SNS_Endanlegur-samningur-010711.pdf
Framsýn,2011-05-01,2013-03-01,4.59,0.24,1,18,vefur félagsins,framsyn,framsyn/Framsýn-og-Verkalýðsfélag-Þórshafnar_og_SNS_Endanlegur-samningur-010711.pdf
Framsýn,2012-03-01,2013-03-01,3.98,7.68,0,549,vefur félagsins,framsyn,framsyn/Framsýn-og-Verkalýðsfélag-Þórshafnar_og_SNS_Endanlegur-samningur-0107111.pdf
Framsýn,2013-03-01,2014-03-01,3.6,1.86,0,342,vefur félagsins,framsyn,framsyn/Framsýn-og-Verkalýðsfélag-Þórshafnar_og_SNS_Endanlegur-samningur-010711.pdf
Framsýn,2011-05-01,2014-03-01,2.57,1.53,0,207,vefur félagsins,framsyn,framsyn/Framsýn-og-Verkalýðsfélag-Þórshafnar_og_SNS_Endanlegur-samningur-010711.pdf
Framsýn,2013-03-01,2014-03-01,3.6,2.24,0,549,vefur félagsins,framsyn,framsyn/Framsýn-og-Verkalýðsfélag-Þórshafnar_og_SNS_Endanlegur-samningur-0107111.pdf
Framsýn,2019-04-01,2020-04-01,6.65,3.06,0,228,vefur félagsins,framsyn,framsyn/Kjarasamningur-SGS-og-Landsvirkjunar-breytingar.pdf
Framsýn,2020-04-01,2021-01-01,6.23,2.7,0,228,vefur félagsins,framsyn,framsyn/Kjarasamningur-SGS-og-Landsvirkjunar-breytingar.pdf
Framsýn,2021-01-01,2022-01-01,6.11,2.5,0,228,vefur félagsins,framsyn,framsyn/Kjarasamningur-SGS-og-Landsvirkjunar-breytingar.pdf
Framsýn,2024-02-01,2025-01-01,4.59,1.59,0,228,vefur félagsins,framsyn,framsyn/kjarasamningur-sgs-og-landsvirkjunar-2024-2028.pdf
Framsýn,2024-04-01,2025-04-01,3.7,1.71,0,756,vefur félagsins,framsyn,framsyn/kjarasamningur-sgssis-2024-2028_vefur.pdf
Framsýn,2025-01-01,2026-01-01,4.39,1.46,0,228,vefur félagsins,framsyn,framsyn/kjarasamningur-sgs-og-landsvirkjunar-2024-2028.pdf
Framsýn,2025-04-01,2026-04-01,3.57,1.45,0,756,vefur félagsins,framsyn,framsyn/kjarasamningur-sgssis-2024-2028_vefur.pdf
Framsýn,2026-01-01,2027-01-01,4.21,1.34,0,228,vefur félagsins,framsyn,framsyn/kjarasamningur-sgs-og-landsvirkjunar-2024-2028.pdf
Framsýn,2026-04-01,2027-01-01,3.5,0.01,1,405,vefur félagsins,framsyn,framsyn/kjarasamningur-sgssis-2024-2028_vefur.pdf
Framsýn,2026-04-01,2027-04-01,4.11,1.17,0,351,vefur félagsins,framsyn,framsyn/kjarasamningur-sgssis-2024-2028_vefur.pdf
Félag íslenskra náttúrufræðinga,2019-04-01,2020-04-01,4.54,2.78,0,322,vefur félagsins,fin,fin/Kjarasamningur-Felags-islenskra-natturufraedinga-og-Reykjavikurborgar-2019-2023-ekki-undirritad.pdf
Félag íslenskra náttúrufræðinga,2020-04-01,2021-01-01,4.34,2.54,0,322,vefur félagsins,fin,fin/Kjarasamningur-Felags-islenskra-natturufraedinga-og-Reykjavikurborgar-2019-2023-ekki-undirritad.pdf
Kennarasamband Íslands,2006-01-01,2008-01-01,2.0,0.0,1,162,vefur félagsins,ki,ki/ff_kjarasamningur_010205_300408.pdf
Kennarasamband Íslands,2020-01-01,2020-04-01,4.36,2.35,0,364,vefur félagsins,ki,ki/fl_launatoflur_haskolamennadir_starfsmenn_ag_2020.pdf
Kennarasamband Íslands,2024-04-01,2025-04-01,2.0,3.65,0,330,vefur félagsins,ki,ki/vi-launatoflur.pdf
Kennarasamband Íslands,2025-02-01,2025-08-01,3.5,0.65,0,180,vefur félagsins,ki,ki/2025-02-25-launatoflur.pdf
Kennarasamband Íslands,2025-04-01,2026-04-01,3.57,0.0,1,187,vefur félagsins,ki,ki/vi-launatoflur.pdf
MATVÍS,2011-05-01,2011-12-01,11.4,19.75,0,145,vefur félagsins,matvis,matvis/matvis_og_samband_islenskra_sveitafelaga_juni_2011.pdf
MATVÍS,2011-12-01,2012-03-01,3.5,0.02,1,270,vefur félagsins,matvis,matvis/matvis_og_samband_islenskra_sveitafelaga_juni_2011.pdf
MATVÍS,2012-03-01,2013-03-01,4.1,7.99,0,270,vefur félagsins,matvis,matvis/matvis_og_samband_islenskra_sveitafelaga_juni_2011.pdf
MATVÍS,2013-03-01,2014-03-01,3.14,0.94,0,270,vefur félagsins,matvis,matvis/matvis_og_samband_islenskra_sveitafelaga_juni_2011.pdf
RSÍ,2022-04-01,2022-11-01,2.56,0.26,1,5,vefur félagsins,rafis,rafis/RSI.2023.KAUPTAXTAR.UTG_.1.pdf
RSÍ,2022-04-01,2022-11-01,2.56,0.26,1,5,vefur félagsins,rafis,rafis/RSI.2023.KAUPTAXTAR.UTG_.4.pdf
SGS,2011-06-01,2012-03-01,4.02,2.98,0,270,vefur félagsins,sgs,sgs/kjarasamningur-sgs-og-rikisins-2011.pdf
SGS,2011-06-01,2012-03-01,3.5,0.03,1,549,vefur félagsins,sgs,sgs/kjarasamningur-sgs-og-sveitarfelaga-2011.pdf
SGS,2012-03-01,2013-03-01,3.87,2.84,0,270,vefur félagsins,sgs,sgs/kjarasamningur-sgs-og-rikisins-2011.pdf
SGS,2012-03-01,2013-03-01,4.1,7.99,0,549,vefur félagsins,sgs,sgs/kjarasamningur-sgs-og-sveitarfelaga-2011.pdf
SGS,2013-03-01,2014-03-01,3.14,1.26,0,549,vefur félagsins,sgs,sgs/kjarasamningur-sgs-og-sveitarfelaga-2011.pdf
SGS,2014-05-01,2015-01-01,-0.14,1.25,0,63,vefur félagsins,sgs,sgs/kjarasamningur-sgs-og-sveitarfelaga-2014.pdf
SGS,2024-04-01,2025-04-01,3.7,1.71,0,756,vefur félagsins,sgs,sgs/glaerukynning-um-nyjan-kjarasamning-sgs-og-sveitarfelaganna.pdf
SGS,2025-04-01,2026-04-01,3.57,1.45,0,756,vefur félagsins,sgs,sgs/glaerukynning-um-nyjan-kjarasamning-sgs-og-sveitarfelaganna.pdf
SGS,2026-04-01,2027-04-01,0.0,0.0,1,693,vefur félagsins,sgs,sgs/glaerukynning-um-nyjan-kjarasamning-sgs-og-sveitarfelaganna.pdf
Sameyki,2015-05-01,2016-06-01,6.0,0.0,1,250,vefur félagsins,sameyki,sameyki/''AS Launatöflur Strv 15 18.pdf
Sameyki,2016-01-01,2017-05-01,4.5,1.7,0,264,vefur félagsins,sameyki,sameyki/''Rarik launatöflur 16 18.pdf
Sameyki,2016-06-01,2017-06-01,3.0,0.0,1,315,vefur félagsins,sameyki,sameyki/''AS Launatöflur Strv 15 18.pdf
Sameyki,2017-01-01,2018-01-01,1.4,3.04,0,602,vefur félagsins,sameyki,sameyki/''faxafloahafnir_launatoflur_2017_2018.pdf
Sameyki,2017-05-01,2018-05-01,3.0,3.2,0,232,vefur félagsins,sameyki,sameyki/''Rarik launatöflur 16 18.pdf
Sameyki,2015-05-01,2018-05-01,0.0,0.0,1,430,vefur félagsins,sameyki,sameyki/''or-strv_kjarasamningur_2015_2018.pdf
Sameyki,2017-06-01,2018-06-01,3.0,0.0,1,343,vefur félagsins,sameyki,sameyki/''AS Launatöflur Strv 15 18.pdf
Sameyki,2018-01-01,2018-06-01,1.58,2.96,0,602,vefur félagsins,sameyki,sameyki/''faxafloahafnir_launatoflur_2017_2018.pdf
Sameyki,2019-04-01,2020-04-01,8.55,12.53,0,525,vefur félagsins,sameyki,sameyki/''Kjarasamningur Reykjavíkurborgar og Sameykis 2019 - 2023 lokaeintak lagfært uppfært - Copy (1).pdf
Sameyki,2020-04-01,2021-01-01,4.0,5.37,0,938,vefur félagsins,sameyki,sameyki/''Kjarasamningur Reykjavíkurborgar og Sameykis 2019 - 2023 lokaeintak lagfært uppfært - Copy (1).pdf
Sameyki,2021-01-01,2022-01-01,4.01,5.1,0,938,vefur félagsins,sameyki,sameyki/''Kjarasamningur Reykjavíkurborgar og Sameykis 2019 - 2023 lokaeintak lagfært uppfært - Copy (1).pdf
Samiðnar,2024-04-01,2025-04-01,4.23,2.82,0,1474,aðili úr skjali,samidn,samidn/Heildarkjarasamningur-Samidnar-og-Reykjavikurborgar-2024-2028.pdf
Samiðnar,2025-04-01,2026-04-01,3.86,2.08,0,1474,aðili úr skjali,samidn,samidn/Heildarkjarasamningur-Samidnar-og-Reykjavikurborgar-2024-2028.pdf
Samiðnar,2026-04-01,2027-04-01,3.83,1.83,0,1474,aðili úr skjali,samidn,samidn/Heildarkjarasamningur-Samidnar-og-Reykjavikurborgar-2024-2028.pdf
VM,2024-02-01,2025-01-01,5.87,2.18,0,175,vefur félagsins,vm,vm/Uppfaerdur-heildarsamningur-milli-VM-og-OR-vegna-malmidnadarmanna-2024-loka.pdf
VM,2024-02-01,2025-01-01,5.87,2.18,0,175,vefur félagsins,vm,vm/Uppfaerdur-heildarsamningur-milli-VM-og-OR-vegna-velfraedinga-2024-loka.pdf
VM,2024-04-01,2025-04-01,4.23,2.82,0,1474,vefur félagsins,vm,vm/Kalfur-RVK_VM.pdf
VM,2025-01-01,2026-01-01,3.5,0.65,0,175,vefur félagsins,vm,vm/Uppfaerdur-heildarsamningur-milli-VM-og-OR-vegna-malmidnadarmanna-2024-loka.pdf
VM,2024-02-01,2026-01-01,11.38,0.65,0,7,vefur félagsins,vm,vm/Uppfaerdur-heildarsamningur-milli-VM-og-OR-vegna-malmidnadarmanna-2024-loka.pdf
VM,2025-01-01,2026-01-01,3.5,0.65,0,175,vefur félagsins,vm,vm/Uppfaerdur-heildarsamningur-milli-VM-og-OR-vegna-velfraedinga-2024-loka.pdf
VM,2024-02-01,2026-01-01,11.38,0.65,0,7,vefur félagsins,vm,vm/Uppfaerdur-heildarsamningur-milli-VM-og-OR-vegna-velfraedinga-2024-loka.pdf
VM,2025-04-01,2026-04-01,3.86,2.08,0,1474,vefur félagsins,vm,vm/Kalfur-RVK_VM.pdf
VM,2026-01-01,2027-01-01,5.67,1.51,0,182,vefur félagsins,vm,vm/Uppfaerdur-heildarsamningur-milli-VM-og-OR-vegna-malmidnadarmanna-2024-loka.pdf
VM,2026-01-01,2027-01-01,5.67,1.51,0,182,vefur félagsins,vm,vm/Uppfaerdur-heildarsamningur-milli-VM-og-OR-vegna-velfraedinga-2024-loka.pdf
VM,2026-04-01,2027-04-01,3.83,1.83,0,1474,vefur félagsins,vm,vm/Kalfur-RVK_VM.pdf
Verkalýðsfélag Vestfirðinga,2024-04-01,2025-04-01,3.7,1.71,0,756,vefur félagsins,verkvest,verkvest/kjarasamningur-sgssis-2024-2028_vefur.pdf
Verkalýðsfélag Vestfirðinga,2025-04-01,2026-04-01,3.57,1.45,0,756,vefur félagsins,verkvest,verkvest/kjarasamningur-sgssis-2024-2028_vefur.pdf
Verkalýðsfélag Vestfirðinga,2026-04-01,2027-01-01,3.5,0.01,1,405,vefur félagsins,verkvest,verkvest/kjarasamningur-sgssis-2024-2028_vefur.pdf
Verkalýðsfélag Vestfirðinga,2026-04-01,2027-04-01,4.11,1.17,0,351,vefur félagsins,verkvest,verkvest/kjarasamningur-sgssis-2024-2028_vefur.pdf
